"Id","Sex","Forearm","Weight","Age","Date","Prev","Para"
"fb_1","f",64.02,38.58,one,"1/11/2015",0,0
"fb_2","f",65.12,39.59,1.478,"1/12/2015",1,38
"fb_3","f",65.41,40.42,1.57,"1/13/2015",0,0
"fb_4","f",66.08,42.23,1.578,"1/14/2015",0,0
"fb_5","f",66.09,42.63,1.598,"1/15/2015",0,0
"fb_6","f",66.32,43.67,1.61,"1/16/2015",0,0
"fb_7","f ",66.72,44.09,1.616,"1/17/2015",0,0
"fb_8","f",66.88,44.16,1.674,"1/18/2015",0,0
"fb_9","f",66.95,44.66,1.712,"1/19/2015",0,0
"fb_10","f",67.16,45.06,1.734,"1/20/2015",0,0
"fb_11","f",67.23,45.58,1.734,"1/11/2015",0,0
"fb_12","f",67.33,45.81,1.736,"1/12/2015",0,0
"fb_13","f",67.4,46.06,1.746,"1/13/2015",0,0
"fb_14","f ",67.43,46.25,1.748,"1/14/2015",0,0
"fb_15","f",67.66,46.32,1.77,"1/15/2015",0,0
"fb_16","f",67.9,46.51,1.776,"1/16/2015",1,21
"fb_17","f",67.93,46.53,1.796,"1/17/2015",0,0
"fb_18","f",67.98,46.6,1.818,"1/18/2015",0,0
"fb_19","f ",68.63,46.61,1.844,"1/19/2015",0,0
"fb_20","f",68.76,NA,1.858,"1/20/2015",0,0
"fb_21","f",68.83,47.27,1.87,"1/11/2015",0,0
"fb_22","f",68.88,48.22,1.88,"1/12/2015",0,0
"fb_23","f",69.06,48.32,1.886,"1/13/2015",0,0
"fb_24","f",69.29,48.53,1.888,"1/14/2015",0,0
"fb_25","f",69.33,48.56,1.9,"1/15/2015",0,0
"fb_26","f",69.37,48.7,1.91,"1/16/2015",0,0
"fb_27","f",69.39,48.73,1.918,"1/17/2015",1,7
"fb_28","f",69.55,48.82,1.918,"1/18/2015",0,0
"fb_29","f",69.57,48.83,1.928,"1/19/2015",1,7
"fb_30","f",69.58,48.84,1.934,"1/20/2015",0,0
"fb_31","f",69.59,49.46,1.94,"1/11/2015",0,0
"fb_32","f",69.62,50.05,1.944,"1/12/2015",0,0
"fb_33","f",69.7,50.06,1.964,"1/13/2015",0,0
"fb_34","f",70.21,50.34,1.98,"1/14/2015",0,0
"fb_35","f",70.47,50.36,1.984,"1/15/2015",0,0
"fb_36","f",70.51,50.57,two,"1/16/2015",0,0
"fb_37","f",70.75,50.73,1.99,"1/17/2015",0,0
"fb_38","f",71.21,50.79,2.198,"1/18/2015",0,0
"fb_39","f",72.08,50.87,2.218,"1/19/2015",0,0
"fb_40","f",72.16,52.55,2.24,"1/20/2015",0,0
"fb_41","m",69.68,57.81,1.466,"1/11/2015",0,0
"fb_42","m",70.46,57.83,1.468,"1/12/2015",1,41
"fb_43","m",70.57,58,1.48,"1/13/2015",0,0
"fb_44","m",70.71,58.35,1.498,"1/14/2015",0,0
"fb_45","m",70.73,58.72,1.55,"1/15/2015",0,0
"fb_46","m",70.93,58.75,1.564,"1/16/2015",0,0
"fb_47","m",70.96,NA,1.616,"1/17/2015",0,0
"fb_48","m",71.12,59.28,1.686,"1/18/2015",0,0
"fb_49","m",71.19,60.1,1.686,"1/19/2015",0,0
"fb_50","m",71.22,60.49,1.718,"1/20/2015",1,19
"fb_51","m",71.24,60.72,1.722,"1/11/2015",0,0
"fb_52","m",71.36,61.02,1.748,"1/12/2015",0,0
"fb_53","m",71.45,61.17,1.828,"1/13/2015",0,0
"fb_54","m",71.51,61.29,1.85,"1/14/2015",0,0
"fb_55","m",71.6,61.62,1.88,"1/15/2015",0,0
"fb_56","m",71.72,62.24,1.89,"1/16/2015",0,0
"fb_57","m",71.81,62.4,1.916,"1/17/2015",0,0
"fb_58","m",71.83,62.88,1.92,"1/18/2015",0,0
"fb_59","m",71.93,63.41,1.92,"1/19/2015",0,0
"fb_60","m",71.93,63.52,1.952,"1/20/2015",0,0
"fb_61","m",72.37,63.61,1.98,"1/11/2015",1,9
"fb_62","m",72.37,63.73,2.044,"1/12/2015",0,0
"fb_63","m",72.37,64.07,2.084,"1/13/2015",0,0
"fb_64","m",72.6,64.73,2.102,"1/14/2015",0,0
"fb_65","m",72.68,66.05,2.188,"1/15/2015",0,0
"fb_66","f",41.04,17.87,0.134,"1/16/2015",0,0
"fb_67","f",42.03,18.06,0.174,"1/17/2015",0,0
"fb_68","F",43.28,18.33,0.176,"1/18/2015",0,0
"fb_69","f",43.42,18.58,1.8,"1/19/2015",0,0
"fb_70","f",43.62,19.31,0.188,"1/20/2015",0,0
"fb_71","f",43.69,19.45,0.19,"1/11/2015",0,0
"fb_72","f",43.81,19.52,0.192,"1/12/2015",0,0
"fb_73","f",43.96,19.53,0.196,"1/13/2015",0,0
"fb_74","f",44.11,19.55,0.202,"1/14/2015",0,0
"fb_75","f",44.27,NA,0.212,"1/15/2015",0,0
"fb_76","f",44.55,19.58,0.216,"1/16/2015",0,0
"fb_77","f",44.67,19.7,0.23,"1/17/2015",0,0
"fb_78","f",44.78,19.87,0.254,"1/18/2015",1,3
"fb_79","f",45.01,19.9,0.256,"1/19/2015",0,0
"fb_80","f",45.07,20.03,0.26,"1/20/2015",0,0
"fb_81","F",45.18,20.06,0.264,"1/11/2015",0,0
"fb_82","f",45.39,20.37,0.268,"1/12/2015",0,0
"fb_83","f",45.95,20.53,0.278,"1/13/2015",0,0
"fb_84","f",46,20.56,0.286,"1/14/2015",0,0
"fb_85","f",46.72,21.5,0.286,"1/15/2015",0,0
"fb_86","m",41.33,14.2,0.124,"1/16/2015",0,0
"fb_87","m",42.78,17.69,0.17,"1/17/2015",0,0
"fb_88","m",43.03,18.09,0.174,"1/18/2015",0,0
"fb_89","m",43.04,18.36,0.176,"1/19/2015",0,0
"fb_90","m",43.09,18.74,0.186,"1/20/2015",0,0
"fb_91","m",43.21,18.75,0.194,"1/11/2015",0,0
"fb_92","m",43.24,18.83,0.196,"1/12/2015",0,0
"fb_93","m",43.7,19.34,0.2,"1/13/2015",0,0
"fb_94","m",44.81,19.89,0.208,"1/14/2015",0,0
"fb_95","m",44.92,19.94,0.212,"1/15/2015",0,0
"fb_96","m",45.09,20.34,0.212,"1/16/2015",0,0
"fb_97","m",45.33,20.92,0.23,"1/17/2015",0,0
"fb_98","m",45.54,21.12,0.244,"1/18/2015",0,0
"fb_99","m",45.58,21.65,0.252,"1/19/2015",0,0
"fb_100","m",46.18,22.18,0.264,"1/20/2015",0,0
"fb_101","f",67.65,42.74,1.6,"2/10/2015",1,23
"fb_102","f",68.75,43.75,1.678,"2/11/2015",0,0
"fb_103","f",69.04,44.58,1.77,"2/12/2015",0,0
"fb_104","f",69.71,46.39,1.778,"2/13/2015",0,0
"fb_105","f",69.72,46.79,1.798,"2/14/2015",0,0
"fb_106","f",69.95,47.83,1.81,"2/15/2015",1,8
"fb_107","f",70.35,48.25,1.816,"2/16/2015",0,0
"fb_108","f",70.51,48.32,1.874,"2/17/2015",0,0
"fb_109","F",70.58,48.82,1.912,"2/18/2015",0,0
"fb_110","f",70.79,49.22,1.934,"2/19/2015",0,0
"fb_111","f",70.86,49.74,1.934,"2/10/2015",0,0
"fb_112","f",70.96,49.97,1.936,"2/11/2015",0,0
"fb_113","f",71.03,50.22,1.946,"2/12/2015",0,0
"fb_114","f",71.06,50.41,1.948,"2/13/2015",0,0
"fb_115","f",71.29,50.48,1.97,"2/14/2015",0,0
"fb_116","f",71.53,50.67,1.976,"2/15/2015",0,0
"fb_117","f",71.56,50.69,1.996,"2/16/2015",0,0
"fb_118","f",69.51,48.83,2.018,"2/17/2015",0,0
"fb_119","f",70.16,48.84,2.044,"2/18/2015",0,0
"fb_120","f",70.29,49.05,2.058,"2/19/2015",1,12
"fb_121","f",70.36,49.5,2.07,"2/10/2015",0,0
"fb_122","f",70.41,50.45,2.08,"2/11/2015",0,0
"fb_123","f",70.59,50.55,2.086,"2/12/2015",0,0
"fb_124","f",70.82,50.76,2.088,"2/13/2015",0,0
"fb_125","f",70.86,50.79,2.1,"2/14/2015",1,13
"fb_126","f",70.9,50.93,2.11,"2/15/2015",1,13
"fb_127","f",70.92,50.96,2.118,"2/16/2015",0,0
"fb_128","f",71.08,51.05,2.118,"2/17/2015",0,0
"fb_129","f",71.1,51.06,2.128,"2/18/2015",0,0
"fb_130","f",71.11,51.07,2.134,"2/19/2015",0,0
"fb_131","f",71.12,51.69,2.14,"2/10/2015",0,0
"fb_132","f",71.15,52.28,2.144,"2/11/2015",0,0
"fb_133","f",71.23,52.29,2.164,"2/12/2015",0,0
"fb_134","f",71.74,52.57,2.18,"2/13/2015",1,11
"fb_135","f",72,52.59,2.184,"2/14/2015",0,0
"fb_136","f",72.04,52.8,2.188,"2/15/2015",0,0
"fb_137","f",72.28,52.96,2.19,"2/16/2015",0,0
"fb_138","f",72.54,52.82,2.398,"2/17/2015",0,0
"fb_139","f",73.21,52.7,2.418,"2/18/2015",0,0
"fb_140","f",73.29,54.38,2.44,"2/19/2015",0,0
"fb_141","m",73.38,62.31,1.666,"2/10/2015",0,0
"fb_142","m",74.16,62.33,1.668,"2/11/2015",0,0
"fb_143","m",74.27,62.5,1.68,"2/12/2015",0,0
"fb_144","m",74.41,62.85,1.698,"2/13/2015",0,0
"fb_145","m",74.43,63.22,1.75,"2/14/2015",0,0
"fb_146","m",74.63,63.25,1.764,"2/15/2015",0,0
"fb_147","m",74.66,63.63,1.816,"2/16/2015",1,4
"fb_148","m",74.82,63.78,1.886,"2/17/2015",0,0
"fb_149","m",74.89,64.6,1.886,"2/18/2015",0,0
"fb_150","m",74.92,64.99,1.918,"2/19/2015",0,0
"fb_151","m",74.94,65.22,1.922,"2/10/2015",0,0
"fb_152","m",75.06,65.52,1.948,"2/11/2015",0,0
"fb_153","m",75.15,65.67,2.028,"2/12/2015",0,0
"fb_154","m",75.21,65.79,2.05,"2/13/2015",0,0
"fb_155","m",75.3,66.12,2.08,"2/14/2015",0,0
"fb_156","m",75.42,66.74,2.09,"2/15/2015",0,0
"fb_157","m",75.51,66.9,2.116,"2/16/2015",1,7
"fb_158","m",75.53,67.38,2.12,"2/17/2015",0,0
"fb_159","m",75.63,67.91,2.12,"2/18/2015",0,0
"fb_160","m",75.63,68.02,2.152,"2/19/2015",0,0
"fb_161","m",76.07,68.11,2.18,"2/10/2015",0,0
"fb_162","m",75.87,67.73,2.244,"2/11/2015",0,0
"fb_163","m",75.87,68.07,2.284,"2/12/2015",0,0
"fb_164","m",76.1,68.73,2.302,"2/13/2015",0,0
"fb_165","m",76.18,70.05,2.388,"2/14/2015",0,0
"fb_166","f",44.67,22.03,0.334,"2/15/2015",0,0
"fb_167","f",45.66,22.22,0.374,"2/16/2015",0,0
"fb_168","f",46.91,22.49,0.376,"2/17/2015",0,0
"fb_169","f",47.05,22.74,0.38,"2/18/2015",0,0
"fb_170","f",47.25,23.47,0.388,"2/19/2015",0,0
"fb_171","f",47.32,23.61,0.39,"2/10/2015",0,0
"fb_172","f",47.44,23.68,0.392,"2/11/2015",0,0
"fb_173","f",47.59,23.69,0.396,"2/12/2015",0,0
"fb_174","f",47.74,23.71,0.402,"2/13/2015",0,0
"fb_175","f",47.9,23.73,0.412,"2/14/2015",0,0
"fb_176","f",48.18,23.74,0.416,"2/15/2015",0,0
"fb_177","f",48.3,23.86,0.43,"2/16/2015",0,0
"fb_178","f",48.41,24.03,0.454,"2/17/2015",0,0
"fb_179","f",48.64,24.06,0.456,"2/18/2015",0,0
"fb_180","f",48.7,24.19,0.46,"2/19/2015",0,0
"fb_181","f",48.81,24.22,0.464,"2/10/2015",0,0
"fb_182","f",49.02,24.53,0.468,"2/11/2015",0,0
"fb_183","f",49.58,24.69,0.478,"2/12/2015",0,0
"fb_184","f",49.63,24.72,0.486,"2/13/2015",0,0
"fb_185","f",50.35,25.66,0.486,"2/14/2015",0,0
"fb_186","m",45.03,18.7,0.324,"2/15/2015",0,0
"fb_187","m",46.48,22.19,0.37,"2/16/2015",0,0
"fb_188","m",46.73,22.59,0.374,"2/17/2015",0,0
"fb_189","m",46.74,22.86,0.376,"2/18/2015",0,0
"fb_190","m",46.79,23.24,0.386,"2/19/2015",0,0
"fb_191","m",46.91,23.25,0.394,"2/10/2015",0,0
"fb_192","m",46.94,23.33,0.396,"2/11/2015",0,0
"fb_193","m",47.4,23.84,0.4,"2/12/2015",0,0
"fb_194","m",48.51,24.39,0.408,"2/13/2015",0,0
"fb_195","m",48.62,24.44,0.412,"2/14/2015",0,0
"fb_196","m",48.79,24.84,0.412,"2/15/2015",0,0
"fb_197","m",49.03,25.42,0.43,"2/16/2015",0,0
"fb_198","m",49.24,25.62,0.444,"2/17/2015",0,0
"fb_199","m",49.28,26.15,0.452,"2/18/2015",0,0
"fb_200","m",49.88,26.68,0.464,"2/19/2015",0,0
"fb_201","f",48.3,26.19,0.534,"3/12/2015",1,92
"fb_202","f",49.29,26.38,0.574,"3/13/2015",1,0
"fb_203","f",50.54,26.65,0.576,"3/14/2015",1,71
"fb_204","f",50.68,26.9,0.58,"3/15/2015",1,94
"fb_205","f",50.88,27.63,0.588,"3/16/2015",1,93
"fb_206","f",50.95,27.77,0.59,"3/17/2015",1,79
"fb_207","f",51.07,27.84,0.592,"3/18/2015",1,104
"fb_208","f",51.22,27.85,0.596,"3/19/2015",1,0
"fb_209","f",51.37,27.87,0.602,"3/20/2015",1,0
"fb_210","f",51.53,27.89,0.612,"3/21/2015",1,0
"fb_211","f",51.81,27.9,0.616,"3/12/2015",1,0
"fb_212","f",51.93,28.02,0.63,"3/13/2015",1,98
"fb_213","f",52.04,28.19,0.654,"3/14/2015",1,0
"fb_214","f",52.27,28.22,0.656,"3/15/2015",1,95
"fb_215","f",52.33,28.35,0.66,"3/16/2015",1,0
"fb_216","f",52.44,28.38,0.664,"3/17/2015",1,0
"fb_217","f",52.65,28.69,0.668,"3/18/2015",1,0
"fb_218","f",53.21,28.85,0.678,"3/19/2015",1,0
"fb_219","f",53.26,28.88,0.686,"3/20/2015",1,92
"fb_220","f",53.98,29.82,0.686,"3/21/2015",1,0
"fb_221","f",70.84,46.9,1.8,"3/12/2015",0,0
"fb_222","f",71.28,47.91,1.878,"3/13/2015",0,0
"fb_223","f",71.48,48.74,1.97,"3/14/2015",0,0
"fb_224","f",71.49,50.06,1.978,"3/15/2015",0,0
"fb_225","f",71.62,50.48,1.998,"3/16/2015",0,0
"fb_226","f",71.69,50.55,2.01,"3/17/2015",0,0
"fb_227","f",71.74,50.55,2.016,"3/18/2015",1,9
"fb_228","f",71.88,50.86,2.074,"3/19/2015",0,0
"fb_229","f",71.92,50.87,2.112,"3/20/2015",0,0
"fb_230","f",72.04,50.95,2.134,"3/21/2015",0,0
"fb_231","f",72.11,51.05,2.134,"3/12/2015",0,0
"fb_232","f",72.15,51.08,2.136,"3/13/2015",0,0
"fb_233","f",72.19,51.45,2.146,"3/14/2015",0,0
"fb_234","f",72.23,51.53,2.148,"3/15/2015",0,0
"fb_235","f",72.25,51.97,2.17,"3/16/2015",0,0
"fb_236","f",72.32,52.2,2.176,"3/17/2015",0,0
"fb_237","f",72.38,52.45,2.196,"3/18/2015",0,0
"fb_238","f",72.39,52.48,2.218,"3/19/2015",0,0
"fb_239","f",72.41,52.58,2.244,"3/20/2015",0,0
"fb_240","f",72.43,52.64,2.258,"3/21/2015",0,0
"fb_241","f",72.44,52.71,2.27,"3/12/2015",0,0
"fb_242","f",72.45,52.79,2.28,"3/13/2015",0,0
"fb_243","f",72.48,52.82,2.286,"3/14/2015",0,0
"fb_244","f",72.49,52.9,2.288,"3/15/2015",0,0
"fb_245","f",72.56,52.92,2.3,"3/16/2015",0,0
"fb_246","f",72.56,52.96,2.31,"3/17/2015",1,17
"fb_247","f",72.59,52.99,2.318,"3/18/2015",1,11
"fb_248","f",72.67,53.08,2.318,"3/19/2015",0,0
"fb_249","f",72.82,53.09,2.328,"3/20/2015",0,0
"fb_250","f",73.06,53.1,2.334,"3/21/2015",0,0
"fb_251","f",73.07,53.72,2.34,"3/12/2015",0,0
"fb_252","f",73.09,54.31,2.344,"3/13/2015",0,0
"fb_253","f",73.33,54.32,2.364,"3/14/2015",0,0
"fb_254","f",73.34,54.33,2.38,"3/15/2015",0,0
"fb_255","f",73.35,54.6,2.384,"3/16/2015",0,0
"fb_256","f",73.37,54.62,2.388,"3/17/2015",1,5
"fb_257","f",73.61,54.65,2.39,"3/18/2015",0,0
"fb_258","f",73.67,54.83,2.598,"3/19/2015",0,0
"fb_259","f",74.14,54.99,2.618,"3/20/2015",0,0
"fb_260","f",74.22,56.01,2.64,"3/21/2015",0,0
"fb_261","m",77.08,66.81,1.866,"3/12/2015",0,0
"fb_262","m",77.86,66.83,1.868,"3/13/2015",0,0
"fb_263","m",77.97,67,1.88,"3/14/2015",0,0
"fb_264","m",78.11,67.35,1.898,"3/15/2015",0,0
"fb_265","m",78.13,67.72,1.95,"3/16/2015",0,0
"fb_266","m",78.33,67.75,1.964,"3/17/2015",0,0
"fb_267","m",78.36,68.13,2.016,"3/18/2015",0,0
"fb_268","m",78.52,68.28,2.086,"3/19/2015",1,14
"fb_269","m",78.59,69.1,2.086,"3/20/2015",0,0
"fb_270","m",78.62,69.49,2.118,"3/21/2015",0,0
"fb_271","m",78.64,69.72,2.122,"3/12/2015",0,0
"fb_272","m",78.76,70.02,2.148,"3/13/2015",0,0
"fb_273","m",78.65,69.67,2.228,"3/14/2015",0,0
"fb_274","m",78.71,69.79,2.25,"3/15/2015",0,0
"fb_275","m",78.8,70.12,2.28,"3/16/2015",0,0
"fb_276","m",78.92,70.74,2.29,"3/17/2015",1,14
"fb_277","m",79.01,70.9,2.316,"3/18/2015",0,0
"fb_278","m",79.03,71.38,2.32,"3/19/2015",0,0
"fb_279","m",79.13,71.91,2.32,"3/20/2015",0,0
"fb_280","m",79.13,72.02,2.352,"3/21/2015",0,0
"fb_281","m",79.57,72.11,2.38,"3/12/2015",0,0
"fb_282","m",79.17,71.53,2.444,"3/13/2015",0,0
"fb_283","m",79.17,71.87,2.484,"3/14/2015",0,0
"fb_284","m",79.4,72.53,2.502,"3/15/2015",0,0
"fb_285","m",79.48,73.85,2.588,"3/16/2015",0,0
"fb_286","m",48.73,23.2,0.524,"3/17/2015",1,82
"fb_287","m",50.18,26.69,0.57,"3/18/2015",1,85
"fb_288","m",50.43,27.09,0.574,"3/19/2015",1,0
"fb_289","m",50.44,27.36,0.576,"3/20/2015",1,92
"fb_290","m",50.49,27.74,0.586,"3/21/2015",1,0
"fb_291","m",50.61,27.75,0.594,"3/12/2015",1,0
"fb_292","m",50.64,27.83,0.596,"3/13/2015",1,87
"fb_293","m",51.1,28.34,0.6,"3/14/2015",1,85
"fb_294","m",52.21,28.89,0.608,"3/15/2015",1,97
"fb_295","m",52.32,28.94,0.612,"3/16/2015",1,89
"fb_296","m",52.49,29.34,0.612,"3/17/2015",1,89
"fb_297","m",52.73,29.92,0.63,"3/18/2015",1,101
"fb_298","m",52.94,30.12,0.644,"3/19/2015",0,0
"fb_299","m",52.98,30.65,0.652,"3/20/2015",0,0
"fb_300","m",53.58,31.18,0.664,"3/21/2015",0,0
"fb_301","f",51.93,30.35,0.734,"4/11/2015",1,79
"fb_302","f",52.92,30.54,0.774,"4/12/2015",1,95
"fb_303","f",54.17,30.81,0.776,"4/13/2015",1,95
"fb_304","f",54.31,31.06,0.78,"4/14/2015",1,0
"fb_305","f",54.51,31.79,0.788,"4/15/2015",1,0
"fb_306","f",54.58,31.93,0.79,"4/16/2015",1,0
"fb_307","f",54.7,32,0.792,"4/17/2015",1,0
"fb_308","f",54.85,32.01,0.796,"4/18/2015",1,0
"fb_309","f",55,32.03,0.802,"4/19/2015",1,0
"fb_310","f",55.16,32.05,0.812,"4/20/2015",1,0
"fb_311","f",55.44,32.06,0.816,"4/11/2015",1,0
"fb_312","f",55.56,32.18,0.83,"4/12/2015",1,97
"fb_313","f",55.67,32.35,0.854,"4/13/2015",1,0
"fb_314","f",55.9,32.38,0.856,"4/14/2015",1,92
"fb_315","f",55.96,32.51,0.86,"4/15/2015",0,0
"fb_316","f",56.07,32.54,0.864,"4/16/2015",1,82
"fb_317","f",56.28,32.85,0.868,"4/17/2015",1,100
"fb_318","f",56.84,33.01,0.878,"4/18/2015",0,0
"fb_319","f",56.89,33.04,0.886,"4/19/2015",1,93
"fb_320","f",57.61,33.98,0.886,"4/20/2015",0,0
"fb_321","f",71.97,49.13,2,"4/11/2015",0,0
"fb_322","f",72.62,50.14,2.078,"4/12/2015",0,0
"fb_323","f",72.75,50.97,2.17,"4/13/2015",0,0
"fb_324","f",72.81,52.09,2.178,"4/14/2015",0,0
"fb_325","f",72.81,52.51,2.198,"4/15/2015",0,0
"fb_326","f",72.82,52.58,2.21,"4/16/2015",0,0
"fb_327","f",72.87,52.69,2.216,"4/17/2015",0,0
"fb_328","f",73.05,52.7,2.274,"4/18/2015",0,0
"fb_329","f",73.21,52.78,2.312,"4/19/2015",0,0
"fb_330","f",73.28,52.91,2.334,"4/20/2015",0,0
"fb_331","f",73.32,53.08,2.334,"4/11/2015",0,0
"fb_332","f",73.36,53.18,2.336,"4/12/2015",0,0
"fb_333","f",73.37,53.36,2.346,"4/13/2015",0,0
"fb_334","f",73.38,53.48,2.348,"4/14/2015",0,0
"fb_335","f",73.44,54,2.37,"4/15/2015",0,0
"fb_336","f",73.54,54.23,2.376,"4/16/2015",0,0
"fb_337","f",73.56,54.31,2.396,"4/17/2015",0,0
"fb_338","f",73.57,54.41,2.418,"4/18/2015",0,0
"fb_339","f",73.58,54.48,2.444,"4/19/2015",0,0
"fb_340","f",73.61,54.62,2.458,"4/20/2015",0,0
"fb_341","f",73.65,54.65,2.47,"4/11/2015",0,0
"fb_342","f",73.69,54.67,2.48,"4/12/2015",0,0
"fb_343","f",73.72,54.74,2.486,"4/13/2015",0,0
"fb_344","f",73.82,54.79,2.488,"4/14/2015",0,0
"fb_345","f",73.89,54.82,2.5,"4/15/2015",0,0
"fb_346","f",73.91,54.91,2.51,"4/16/2015",0,0
"fb_347","f",73.92,54.92,2.518,"4/17/2015",0,0
"fb_348","f",74.15,54.93,2.518,"4/18/2015",0,0
"fb_349","f",74.2,54.93,2.528,"4/19/2015",0,0
"fb_350","f",74.2,54.95,2.534,"4/20/2015",0,0
"fb_351","f",74.39,55.55,2.54,"4/11/2015",0,0
"fb_352","f",74.42,55.76,2.544,"4/12/2015",0,0
"fb_353","f",74.46,56.14,2.564,"4/13/2015",0,0
"fb_354","f",74.5,56.15,2.58,"4/14/2015",0,0
"fb_355","f",74.6,56.28,2.584,"4/15/2015",0,0
"fb_356","f",74.74,56.43,2.588,"4/16/2015",0,0
"fb_357","f",74.87,56.45,2.59,"4/17/2015",0,0
"fb_358","f",74.87,56.66,2.798,"4/18/2015",0,0
"fb_359","f",74.88,56.82,2.818,"4/19/2015",0,0
"fb_360","f",74.95,57.44,2.84,"4/20/2015",0,0
"fb_361","m",80.78,71.31,2.066,"4/11/2015",1,9
"fb_362","m",81.56,71.33,2.068,"4/12/2015",0,0
"fb_363","m",81.67,71.5,2.08,"4/13/2015",0,0
"fb_364","m",81.81,71.85,2.098,"4/14/2015",0,0
"fb_365","m",81.83,72.22,2.15,"4/15/2015",1,9
"fb_366","m",82.03,72.25,2.164,"4/16/2015",0,0
"fb_367","m",81.86,72.13,2.216,"4/17/2015",0,0
"fb_368","m",82.02,72.28,2.286,"4/18/2015",0,0
"fb_369","m",82.09,73.1,2.286,"4/19/2015",0,0
"fb_370","m",82.12,73.49,2.318,"4/20/2015",0,0
"fb_371","m",82.14,73.72,2.322,"4/11/2015",1,9
"fb_372","m",82.26,74.02,2.348,"4/12/2015",0,0
"fb_373","m",81.95,73.47,2.428,"4/13/2015",0,0
"fb_374","m",82.01,73.59,2.45,"4/14/2015",0,0
"fb_375","m",82.1,73.92,2.48,"4/15/2015",0,0
"fb_376","m",82.22,74.54,2.49,"4/16/2015",0,0
"fb_377","m",82.31,74.7,2.516,"4/17/2015",0,0
"fb_378","m",82.33,75.18,2.52,"4/18/2015",0,0
"fb_379","m",82.43,75.71,2.52,"4/19/2015",0,0
"fb_380","m",82.43,75.82,2.552,"4/20/2015",0,0
"fb_381","m",82.87,75.91,2.58,"4/11/2015",0,0
"fb_382","m",82.27,75.13,2.644,"4/12/2015",0,0
"fb_383","m",82.27,75.47,2.684,"4/13/2015",0,0
"fb_384","m",82.5,76.13,2.702,"4/14/2015",0,0
"fb_385","m",82.58,77.45,2.788,"4/15/2015",0,0
"fb_386","m",52.43,27.7,0.724,"4/16/2015",0,0
"fb_387","m",53.88,31.19,0.77,"4/17/2015",1,90
"fb_388","m",54.13,31.59,0.774,"4/18/2015",0,0
"fb_389","m",54.14,31.86,0.776,"4/19/2015",0,0
"fb_390","m",54.19,32.24,0.786,"4/20/2015",0,0
"fb_391","m",54.31,32.25,0.794,"4/11/2015",0,0
"fb_392","m",54.34,32.33,0.796,"4/12/2015",0,0
"fb_393","m",54.8,32.84,0.8,"4/13/2015",1,91
"fb_394","m",55.91,33.39,0.808,"4/14/2015",0,0
"fb_395","m",56.02,33.44,0.812,"4/15/2015",0,0
"fb_396","m",56.19,33.84,0.812,"4/16/2015",0,0
"fb_397","m",56.43,34.42,0.83,"4/17/2015",0,0
"fb_398","m",56.64,34.62,0.844,"4/18/2015",1,80
"fb_399","m",56.68,35.15,0.852,"4/19/2015",0,0
"fb_400","m",57.28,35.68,0.864,"4/20/2015",1,99
"fb_401","f",55.56,34.51,0.934,"5/11/2015",0,0
"fb_402","f",56.55,34.7,0.974,"5/12/2015",0,0
"fb_403","f",57.8,34.97,0.976,"5/13/2015",1,86
"fb_404","f",57.94,35.22,0.98,"5/14/2015",0,0
"fb_405","f",58.14,35.95,0.988,"5/15/2015",1,91
"fb_406","f",58.21,36.09,0.99,"5/16/2015",1,96
"fb_407","f",58.33,36.16,0.992,"5/17/2015",0,0
"fb_408","f",58.48,36.17,0.996,"5/18/2015",0,0
"fb_409","f",58.63,36.19,1.002,"5/19/2015",0,0
"fb_410","f",58.79,36.21,1.012,"5/20/2015",1,37
"fb_411","f",59.07,36.22,1.016,"5/11/2015",1,45
"fb_412","f",59.19,36.34,1.03,"5/12/2015",0,0
"fb_413","f",59.3,36.51,1.054,"5/13/2015",0,0
"fb_414","f",59.53,36.54,1.056,"5/14/2015",0,0
"fb_415","f",59.59,36.67,1.06,"5/15/2015",0,0
"fb_416","f",59.7,36.7,1.064,"5/16/2015",0,0
"fb_417","f",59.91,37.01,1.068,"5/17/2015",1,45
"fb_418","f",60.47,37.17,1.078,"5/18/2015",0,0
"fb_419","f",60.52,37.2,1.086,"5/19/2015",1,41
"fb_420","f",61.24,38.14,1.086,"5/20/2015",0,0
"fb_421","f",72.9,51.16,2.2,"5/11/2015",0,0
"fb_422","f",73.55,52.17,2.278,"5/12/2015",0,0
"fb_423","f",73.68,53,2.37,"5/13/2015",0,0
"fb_424","f",73.75,53.92,2.378,"5/14/2015",0,0
"fb_425","f",73.8,54.32,2.398,"5/15/2015",0,0
"fb_426","f",73.94,54.33,2.41,"5/16/2015",0,0
"fb_427","f",73.98,54.34,2.416,"5/17/2015",0,0
"fb_428","f",74.14,54.41,2.474,"5/18/2015",0,0
"fb_429","f",74.21,54.54,2.512,"5/19/2015",0,0
"fb_430","f",74.25,54.81,2.534,"5/20/2015",0,0
"fb_431","f",74.29,54.91,2.534,"5/11/2015",0,0
"fb_432","f",74.31,54.99,2.536,"5/12/2015",0,0
"fb_433","f",74.34,55.21,2.546,"5/13/2015",0,0
"fb_434","f",74.47,55.31,2.548,"5/14/2015",0,0
"fb_435","f",74.49,55.83,2.57,"5/15/2015",0,0
"fb_436","f",74.5,55.94,2.576,"5/16/2015",0,0
"fb_437","f",74.5,56.04,2.596,"5/17/2015",0,0
"fb_438","f",74.51,56.06,2.618,"5/18/2015",1,2
"fb_439","f",74.54,56.25,2.644,"5/19/2015",0,0
"fb_440","f",74.57,56.28,2.658,"5/20/2015",0,0
"fb_441","f",74.62,56.31,2.67,"5/11/2015",0,0
"fb_442","f",74.78,56.42,2.68,"5/12/2015",0,0
"fb_443","f",74.85,56.45,2.686,"5/13/2015",0,0
"fb_444","f",74.95,56.5,2.688,"5/14/2015",0,0
"fb_445","f",75.02,56.54,2.7,"5/15/2015",0,0
"fb_446","f",75.05,56.55,2.71,"5/16/2015",0,0
"fb_447","f",75.13,56.56,2.718,"5/17/2015",0,0
"fb_448","f",75.24,56.57,2.718,"5/18/2015",0,0
"fb_449","f",75.28,56.76,2.728,"5/19/2015",0,0
"fb_450","f",75.33,56.78,2.734,"5/20/2015",0,0
"fb_451","f",75.39,56.99,2.74,"5/11/2015",0,0
"fb_452","f",75.4,57.18,2.744,"5/12/2015",0,0
"fb_453","f",75.43,57.71,2.764,"5/13/2015",0,0
"fb_454","f",75.48,57.77,2.78,"5/14/2015",0,0
"fb_455","f",75.52,57.78,2.784,"5/15/2015",0,0
"fb_456","f",75.53,58.06,2.788,"5/16/2015",0,0
"fb_457","f",75.55,58.08,2.79,"5/17/2015",0,0
"fb_458","f",75.67,58.29,2.998,"5/18/2015",0,0
"fb_459","f",76.2,58.45,3.018,"5/19/2015",0,0
"fb_460","f",76.21,58.67,3.04,"5/20/2015",0,0
"fb_461","m",84.28,75.31,2.266,"5/11/2015",0,0
"fb_462","m",85.06,75.33,2.268,"5/12/2015",0,0
"fb_463","m",85.17,75.5,2.28,"5/13/2015",0,0
"fb_464","m",85.31,75.85,2.298,"5/14/2015",0,0
"fb_465","m",85.33,76.22,2.35,"5/15/2015",1,7
"fb_466","m",85.53,76.25,2.364,"5/16/2015",0,0
"fb_467","m",85.16,75.93,2.416,"5/17/2015",0,0
"fb_468","m",85.32,76.08,2.486,"5/18/2015",0,0
"fb_469","m",85.39,76.9,2.486,"5/19/2015",0,0
"fb_470","m",85.42,77.29,2.518,"5/20/2015",0,0
"fb_471","m",85.44,77.52,2.522,"5/11/2015",0,0
"fb_472","m",85.56,77.82,2.548,"5/12/2015",0,0
"fb_473","m",85.05,77.07,2.628,"5/13/2015",0,0
"fb_474","m",85.11,77.19,2.65,"5/14/2015",0,0
"fb_475","m",85.2,77.52,2.68,"5/15/2015",0,0
"fb_476","m",85.32,78.14,2.69,"5/16/2015",0,0
"fb_477","m",85.41,78.3,2.716,"5/17/2015",0,0
"fb_478","m",85.43,78.78,2.72,"5/18/2015",0,0
"fb_479","m",85.53,79.31,2.72,"5/19/2015",0,0
"fb_480","m",85.53,79.42,2.752,"5/20/2015",0,0
"fb_481","m",85.97,79.51,2.78,"5/11/2015",0,0
"fb_482","m",85.27,78.53,2.844,"5/12/2015",0,0
"fb_483","m",85.27,78.87,2.884,"5/13/2015",0,0
"fb_484","m",85.5,79.53,2.902,"5/14/2015",0,0
"fb_485","m",85.58,80.85,2.988,"5/15/2015",0,0
"fb_486","m",56.13,32.2,0.924,"5/16/2015",0,0
"fb_487","m",57.58,35.69,0.97,"5/17/2015",0,0
"fb_488","m",57.83,36.09,0.974,"5/18/2015",1,90
"fb_489","m",57.84,36.36,0.976,"5/19/2015",0,0
"fb_490","m",57.89,36.74,0.986,"5/20/2015",0,0
"fb_491","m",58.01,36.75,0.994,"5/11/2015",0,0
"fb_492","m",58.04,36.83,0.996,"5/12/2015",0,0
"fb_493","m",58.5,37.34,1,"5/13/2015",0,0
"fb_494","m",59.61,37.89,1.008,"5/14/2015",0,0
"fb_495","m",59.72,37.94,1.012,"5/15/2015",0,0
"fb_496","m",59.89,38.34,1.012,"5/16/2015",0,0
"fb_497","m",60.13,38.92,1.03,"5/17/2015",0,0
"fb_498","m",60.34,39.12,1.044,"5/18/2015",0,0
"fb_499","m",60.38,39.65,1.052,"5/19/2015",0,0
"fb_500","m",60.98,40.18,1.064,"5/20/2015",0,0
"fb_501","f",59.19,38.67,1.134,"6/10/2015",0,0
"fb_502","f",60.18,38.86,1.174,"6/11/2015",0,0
"fb_503","f",61.43,39.13,1.176,"6/12/2015",0,0
"fb_504","f",61.57,39.38,1.18,"6/13/2015",0,0
"fb_505","f",61.77,40.11,1.188,"6/14/2015",0,0
"fb_506","f",61.84,40.25,1.19,"6/15/2015",0,0
"fb_507","f",61.96,40.32,1.192,"6/16/2015",0,0
"fb_508","f",62.11,40.33,1.196,"6/17/2015",1,50
"fb_509","f",62.26,40.35,1.202,"6/18/2015",0,0
"fb_510","f",62.42,40.37,1.212,"6/19/2015",0,0
"fb_511","f",62.7,40.38,1.216,"6/10/2015",1,44
"fb_512","f",62.82,40.5,1.23,"6/11/2015",0,0
"fb_513","f",62.93,40.67,1.254,"6/12/2015",0,0
"fb_514","f",63.16,40.7,1.256,"6/13/2015",0,0
"fb_515","f",63.22,40.83,1.26,"6/14/2015",0,0
"fb_516","f",63.33,40.86,1.264,"6/15/2015",0,0
"fb_517","f",63.54,41.17,1.268,"6/16/2015",0,0
"fb_518","f",64.1,41.33,1.278,"6/17/2015",0,0
"fb_519","f",64.15,41.36,1.286,"6/18/2015",0,0
"fb_520","f",64.87,42.3,1.286,"6/19/2015",0,0
"fb_521","f",74.03,52.99,2.4,"6/10/2015",0,0
"fb_522","f",74.68,54,2.478,"6/11/2015",0,0
"fb_523","f",74.81,54.83,2.57,"6/12/2015",0,0
"fb_524","f",74.87,55.75,2.578,"6/13/2015",0,0
"fb_525","f",74.88,55.96,2.598,"6/14/2015",0,0
"fb_526","f",74.91,55.97,2.61,"6/15/2015",0,0
"fb_527","f",74.93,56.04,2.616,"6/16/2015",0,0
"fb_528","f",75.07,56.15,2.674,"6/17/2015",0,0
"fb_529","f",75.14,56.17,2.712,"6/18/2015",0,0
"fb_530","f",75.18,56.44,2.734,"6/19/2015",0,0
"fb_531","f",75.22,56.54,2.734,"6/10/2015",0,0
"fb_532","f",75.24,56.62,2.736,"6/11/2015",0,0
"fb_533","f",75.24,56.84,2.746,"6/12/2015",0,0
"fb_534","f",75.27,56.94,2.748,"6/13/2015",0,0
"fb_535","f",75.27,57.46,2.77,"6/14/2015",0,0
"fb_536","f",75.3,57.49,2.776,"6/15/2015",0,0
"fb_537","f",75.35,57.57,2.796,"6/16/2015",0,0
"fb_538","f",75.4,57.67,2.818,"6/17/2015",0,0
"fb_539","f",75.42,57.68,2.844,"6/18/2015",0,0
"fb_540","f",75.43,57.71,2.858,"6/19/2015",0,0
"fb_541","f",75.43,57.74,2.87,"6/10/2015",1,6
"fb_542","f",75.51,57.85,2.88,"6/11/2015",0,0
"fb_543","f",75.58,57.88,2.886,"6/12/2015",0,0
"fb_544","f",75.68,57.93,2.888,"6/13/2015",0,0
"fb_545","f",75.75,57.97,2.9,"6/14/2015",0,0
"fb_546","f",75.78,57.98,2.91,"6/15/2015",0,0
"fb_547","f",75.86,57.99,2.918,"6/16/2015",0,0
"fb_548","f",75.97,58,2.918,"6/17/2015",0,0
"fb_549","f",76.01,58.19,2.928,"6/18/2015",0,0
"fb_550","f",76.06,58.21,2.934,"6/19/2015",0,0
"fb_551","f",76.12,58.42,2.94,"6/10/2015",0,0
"fb_552","f",76.13,58.45,2.944,"6/11/2015",0,0
"fb_553","f",76.16,58.61,2.964,"6/12/2015",0,0
"fb_554","f",76.2,58.67,2.98,"6/13/2015",0,0
"fb_555","f",76.2,59.14,2.984,"6/14/2015",0,0
"fb_556","f",76.21,59.2,2.988,"6/15/2015",0,0
"fb_557","f",76.21,59.21,2.99,"6/16/2015",0,0
"fb_558","f",76.25,59.49,3.198,"6/17/2015",0,0
"fb_559","f",76.26,59.51,3.218,"6/18/2015",0,0
"fb_560","f",76.28,59.52,3.24,"6/19/2015",0,0
"fb_561","m",59.83,36.7,1.124,"6/10/2015",0,0
"fb_562","m",61.28,40.19,1.17,"6/11/2015",0,0
"fb_563","m",61.53,40.59,1.174,"6/12/2015",0,0
"fb_564","m",61.54,40.86,1.176,"6/13/2015",0,0
"fb_565","m",61.59,41.24,1.186,"6/14/2015",0,0
"fb_566","m",61.71,41.25,1.194,"6/15/2015",0,0
"fb_567","m",61.74,41.33,1.196,"6/16/2015",0,0
"fb_568","m",62.2,41.84,1.2,"6/17/2015",0,0
"fb_569","m",63.31,42.39,1.208,"6/18/2015",0,0
"fb_570","m",63.42,42.44,1.212,"6/19/2015",0,0
"fb_571","m",63.59,42.84,1.212,"6/10/2015",0,0
"fb_572","m",63.83,43.42,1.23,"6/11/2015",0,0
"fb_573","m",64.04,43.62,1.244,"6/12/2015",0,0
"fb_574","m",64.08,44.15,1.252,"6/13/2015",0,0
"fb_575","m",64.68,44.68,1.264,"6/14/2015",0,0
"fb_576","m",87.58,79.11,2.466,"6/15/2015",0,0
"fb_577","m",88.05,79.13,2.468,"6/16/2015",0,0
"fb_578","m",88.07,79.3,2.48,"6/17/2015",0,0
"fb_579","m",88.07,79.53,2.498,"6/18/2015",0,0
"fb_580","m",88.11,79.65,2.55,"6/19/2015",0,0
"fb_581","m",88.2,79.68,2.564,"6/10/2015",0,0
"fb_582","m",88.26,80.02,2.616,"6/11/2015",0,0
"fb_583","m",88.3,80.05,2.686,"6/12/2015",0,0
"fb_584","m",88.32,80.47,2.686,"6/13/2015",0,0
"fb_585","m",88.36,80.5,2.718,"6/14/2015",0,0
"fb_586","m",88.38,80.59,2.722,"6/15/2015",0,0
"fb_587","m",88.41,80.89,2.748,"6/16/2015",0,0
"fb_588","m",88.42,80.92,2.828,"6/17/2015",0,0
"fb_589","m",88.43,81.12,2.85,"6/18/2015",0,0
"fb_590","m",88.47,81.42,2.88,"6/19/2015",0,0
"fb_591","m",88.49,81.54,2.89,"6/10/2015",0,0
"fb_592","m",88.52,81.7,2.916,"6/11/2015",0,0
"fb_593","m",88.53,81.73,2.92,"6/12/2015",0,0
"fb_594","m",88.53,82.07,2.92,"6/13/2015",0,0
"fb_595","m",88.54,82.18,2.952,"6/14/2015",0,0
"fb_596","m",88.61,82.71,2.98,"6/15/2015",0,0
"fb_597","m",88.63,82.73,3.044,"6/16/2015",0,0
"fb_598","m",88.66,82.82,3.084,"6/17/2015",0,0
"fb_599","m",88.83,82.91,3.102,"6/18/2015",0,0
"fb_600","m",88.97,84.05,3.188,"6/19/2015",0,0
"fb_601","f",62.82,42.83,1.334,"7/10/2015",0,0
"fb_602","f",63.81,43.02,1.374,"7/11/2015",0,0
"fb_603","f",65.06,43.29,1.376,"7/12/2015",0,0
"fb_604","f",65.2,43.54,1.38,"7/13/2015",0,0
"fb_605","f",65.4,44.27,1.388,"7/14/2015",0,0
"fb_606","f",65.47,44.41,1.39,"7/15/2015",0,0
"fb_607","f",65.59,44.48,1.392,"7/16/2015",0,0
"fb_608","f",65.74,44.49,1.396,"7/17/2015",1,41
"fb_609","f",65.89,44.51,1.402,"7/18/2015",0,0
"fb_610","f",66.05,44.53,1.412,"7/19/2015",0,0
"fb_611","f",66.33,44.54,1.416,"7/10/2015",0,0
"fb_612","f",66.45,44.66,1.43,"7/11/2015",0,0
"fb_613","f",66.56,44.83,1.454,"7/12/2015",0,0
"fb_614","f",66.79,44.86,1.456,"7/13/2015",0,0
"fb_615","f",66.85,44.99,1.46,"7/14/2015",0,0
"fb_616","f",66.96,45.02,1.464,"7/15/2015",0,0
"fb_617","f",67.17,45.33,1.468,"7/16/2015",1,40
"fb_618","f",67.73,45.49,1.478,"7/17/2015",0,0
"fb_619","f",67.78,45.52,1.486,"7/18/2015",0,0
"fb_620","f",68.5,46.46,1.486,"7/19/2015",0,0
"fb_621","f",74.96,54.62,2.6,"7/10/2015",0,0
"fb_622","f",75.61,55.63,2.678,"7/11/2015",0,0
"fb_623","f",75.64,56.46,2.77,"7/12/2015",0,0
"fb_624","f",75.66,57.38,2.778,"7/13/2015",0,0
"fb_625","f",75.74,57.4,2.798,"7/14/2015",0,0
"fb_626","f",75.8,57.47,2.81,"7/15/2015",0,0
"fb_627","f",75.8,57.58,2.816,"7/16/2015",0,0
"fb_628","f",75.81,57.59,2.874,"7/17/2015",0,0
"fb_629","f",75.87,57.6,2.912,"7/18/2015",0,0
"fb_630","f",75.91,57.87,2.934,"7/19/2015",0,0
"fb_631","f",75.93,57.97,2.934,"7/10/2015",0,0
"fb_632","f",75.95,58.05,2.936,"7/11/2015",0,0
"fb_633","f",75.95,58.27,2.946,"7/12/2015",0,0
"fb_634","f",75.96,58.37,2.948,"7/13/2015",0,0
"fb_635","f",75.96,58.89,2.97,"7/14/2015",0,0
"fb_636","f",75.97,58.9,2.976,"7/15/2015",0,0
"fb_637","f",75.97,58.91,2.996,"7/16/2015",0,0
"fb_638","f",76,58.92,3.018,"7/17/2015",0,0
"fb_639","f",76,58.94,3.044,"7/18/2015",0,0
"fb_640","f",76.03,58.97,3.058,"7/19/2015",0,0
"fb_641","f",76.04,59,3.07,"7/10/2015",0,0
"fb_642","f",76.08,59.08,3.08,"7/11/2015",0,0
"fb_643","f",76.11,59.11,3.086,"7/12/2015",0,0
"fb_644","f",76.21,59.16,3.088,"7/13/2015",0,0
"fb_645","f",76.25,59.2,3.1,"7/14/2015",0,0
"fb_646","f",76.26,59.21,3.11,"7/15/2015",0,0
"fb_647","f",76.28,59.22,3.118,"7/16/2015",0,0
"fb_648","f",76.28,59.23,3.118,"7/17/2015",0,0
"fb_649","f",76.31,59.42,3.128,"7/18/2015",0,0
"fb_650","f",76.39,59.44,3.134,"7/19/2015",0,0
"fb_651","f",76.5,59.49,3.14,"7/10/2015",0,0
"fb_652","f",76.54,59.51,3.144,"7/11/2015",0,0
"fb_653","f",76.59,59.52,3.164,"7/12/2015",0,0
"fb_654","f",76.65,59.65,3.18,"7/13/2015",0,0
"fb_655","f",76.66,59.68,3.184,"7/14/2015",0,0
"fb_656","f",76.69,59.84,3.188,"7/15/2015",0,0
"fb_657","f",76.73,59.9,3.19,"7/16/2015",0,0
"fb_658","f",76.73,60.37,3.398,"7/17/2015",0,0
"fb_659","f",76.74,60.43,3.418,"7/18/2015",0,0
"fb_660","f",76.74,60.44,3.44,"7/19/2015",0,0
"fb_661","m",63.53,41.2,1.324,"7/10/2015",1,39
"fb_662","m",64.98,44.69,1.37,"7/11/2015",0,0
"fb_663","m",65.23,45.09,1.374,"7/12/2015",1,40
"fb_664","m",65.24,45.36,1.376,"7/13/2015",0,0
"fb_665","m",65.29,45.74,1.386,"7/14/2015",0,0
"fb_666","m",65.41,45.75,1.394,"7/15/2015",0,0
"fb_667","m",65.44,45.83,1.396,"7/16/2015",0,0
"fb_668","m",65.9,46.34,1.4,"7/17/2015",1,39
"fb_669","m",67.01,46.89,1.408,"7/18/2015",1,40
"fb_670","m",67.12,46.94,1.412,"7/19/2015",0,0
"fb_671","m",67.29,47.34,1.412,"7/10/2015",1,36
"fb_672","m",67.53,47.92,1.43,"7/11/2015",0,0
"fb_673","m",67.74,48.12,1.444,"7/12/2015",0,0
"fb_674","m",67.78,48.65,1.452,"7/13/2015",0,0
"fb_675","m",68.38,49.18,1.464,"7/14/2015",1,39
"fb_676","m",88.63,82.71,2.666,"7/15/2015",0,0
"fb_677","m",88.66,82.73,2.668,"7/16/2015",0,0
"fb_678","m",88.83,82.73,2.68,"7/17/2015",0,0
"fb_679","m",88.97,82.82,2.698,"7/18/2015",0,0
"fb_680","m",90.68,82.9,2.75,"7/19/2015",0,0
"fb_681","m",91.15,82.91,2.764,"7/10/2015",0,0
"fb_682","m",91.17,83.13,2.816,"7/11/2015",0,0
"fb_683","m",91.17,83.25,2.886,"7/12/2015",0,0
"fb_684","m",91.21,83.28,2.886,"7/13/2015",0,0
"fb_685","m",91.22,83.42,2.918,"7/14/2015",0,0
"fb_686","m",91.23,83.45,2.922,"7/15/2015",1,3
"fb_687","m",91.26,83.87,2.948,"7/16/2015",0,0
"fb_688","m",91.27,83.9,3.028,"7/17/2015",0,0
"fb_689","m",91.29,83.99,3.05,"7/18/2015",0,0
"fb_690","m",91.3,84.05,3.08,"7/19/2015",0,0
"fb_691","m",91.3,84.12,3.09,"7/10/2015",0,0
"fb_692","m",91.32,84.29,3.116,"7/11/2015",0,0
"fb_693","m",91.32,84.32,3.12,"7/12/2015",0,0
"fb_694","m",91.33,84.62,3.12,"7/13/2015",0,0
"fb_695","m",91.33,84.74,3.152,"7/14/2015",0,0
"fb_696","m",91.34,84.9,3.18,"7/15/2015",0,0
"fb_697","m",91.36,84.93,3.244,"7/16/2015",0,0
"fb_698","m",91.38,85.27,3.284,"7/17/2015",0,0
"fb_699","m",91.41,85.38,3.302,"7/18/2015",0,0
"fb_700","m",91.41,85.91,3.388,"7/19/2015",0,0
"fb_701","f",66.45,46.99,1.534,"8/9/2015",0,0
"fb_702","f",67.44,47.18,1.574,"8/10/2015",0,0
"fb_703","f",68.69,47.45,1.576,"8/11/2015",0,0
"fb_704","f",68.83,47.7,1.58,"8/12/2015",0,0
"fb_705","f",69.03,48.43,1.588,"8/13/2015",0,0
"fb_706","f",69.1,48.57,1.59,"8/14/2015",0,0
"fb_707","f",69.22,48.64,1.592,"8/15/2015",0,0
"fb_708","f",69.37,48.65,1.596,"8/16/2015",0,0
"fb_709","f",69.52,48.67,1.602,"8/17/2015",0,0
"fb_710","f",69.68,48.69,1.612,"8/18/2015",0,0
"fb_711","f",69.96,48.7,1.616,"8/9/2015",0,0
"fb_712","f",70.08,48.82,1.63,"8/10/2015",0,0
"fb_713","f",70.19,48.99,1.654,"8/11/2015",0,0
"fb_714","f",70.42,49.02,1.656,"8/12/2015",0,0
"fb_715","f",70.48,49.15,1.66,"8/13/2015",0,0
"fb_716","f",70.59,49.18,1.664,"8/14/2015",0,0
"fb_717","f",70.8,49.49,1.668,"8/15/2015",1,22
"fb_718","f",71.36,49.65,1.678,"8/16/2015",0,0
"fb_719","f",71.41,49.68,1.686,"8/17/2015",1,21
"fb_720","f",72.13,50.62,1.686,"8/18/2015",0,0
"fb_721","f",75.69,56.05,2.8,"8/9/2015",0,0
"fb_722","f",76,57.06,2.878,"8/10/2015",0,0
"fb_723","f",76,57.89,2.97,"8/11/2015",0,0
"fb_724","f",76.03,58.7,2.978,"8/12/2015",0,0
"fb_725","f",76.04,58.81,2.998,"8/13/2015",0,0
"fb_726","f",76.08,58.81,3.01,"8/14/2015",0,0
"fb_727","f",76.11,58.82,3.016,"8/15/2015",0,0
"fb_728","f",76.21,58.83,3.074,"8/16/2015",0,0
"fb_729","f",76.25,58.83,3.112,"8/17/2015",0,0
"fb_730","f",76.26,58.92,3.134,"8/18/2015",0,0
"fb_731","f",76.28,58.94,3.134,"8/9/2015",0,0
"fb_732","f",76.28,58.97,3.136,"8/10/2015",0,0
"fb_733","f",76.31,59,3.146,"8/11/2015",0,0
"fb_734","f",76.33,59.08,3.148,"8/12/2015",0,0
"fb_735","f",76.33,59.1,3.17,"8/13/2015",0,0
"fb_736","f",76.34,59.11,3.176,"8/14/2015",0,0
"fb_737","f",76.34,59.16,3.196,"8/15/2015",0,0
"fb_738","f",76.37,59.2,3.218,"8/16/2015",0,0
"fb_739","f",76.39,59.2,3.244,"8/17/2015",0,0
"fb_740","f",76.39,59.21,3.258,"8/18/2015",0,0
"fb_741","f",76.4,59.22,3.27,"8/9/2015",0,0
"fb_742","f",76.44,59.23,3.28,"8/10/2015",0,0
"fb_743","f",76.46,59.28,3.286,"8/11/2015",0,0
"fb_744","f",76.47,59.42,3.288,"8/12/2015",0,0
"fb_745","f",76.48,59.44,3.3,"8/13/2015",0,0
"fb_746","f",76.48,59.49,3.31,"8/14/2015",0,0
"fb_747","f",76.49,59.5,3.318,"8/15/2015",0,0
"fb_748","f",76.49,59.51,3.318,"8/16/2015",0,0
"fb_749","f",76.5,59.52,3.328,"8/17/2015",0,0
"fb_750","f",76.5,59.6,3.334,"8/18/2015",0,0
"fb_751","f",76.5,59.65,3.34,"8/9/2015",0,0
"fb_752","f",76.54,59.68,3.344,"8/10/2015",0,0
"fb_753","f",76.59,59.84,3.364,"8/11/2015",0,0
"fb_754","f",76.65,59.9,3.38,"8/12/2015",0,0
"fb_755","f",76.66,60.12,3.384,"8/13/2015",0,0
"fb_756","f",76.69,60.13,3.388,"8/14/2015",0,0
"fb_757","f",76.73,60.14,3.39,"8/15/2015",0,0
"fb_758","f",76.73,60.37,3.598,"8/16/2015",0,0
"fb_759","f",76.74,60.43,3.618,"8/17/2015",0,0
"fb_760","f",76.74,60.44,3.64,"8/18/2015",0,0
"fb_761","m",67.23,45.7,1.524,"8/9/2015",0,0
"fb_762","m",68.68,49.19,1.57,"8/10/2015",0,0
"fb_763","m",68.93,49.59,1.574,"8/11/2015",0,0
"fb_764","m",68.94,49.86,1.576,"8/12/2015",0,0
"fb_765","m",68.99,50.24,1.586,"8/13/2015",0,0
"fb_766","m",69.11,50.25,1.594,"8/14/2015",0,0
"fb_767","m",69.14,50.33,1.596,"8/15/2015",0,0
"fb_768","m",69.6,50.84,1.6,"8/16/2015",0,0
"fb_769","m",70.71,51.39,1.608,"8/17/2015",0,0
"fb_770","m",70.82,51.44,1.612,"8/18/2015",0,0
"fb_771","m",70.99,51.84,1.612,"8/9/2015",0,0
"fb_772","m",71.23,52.42,1.63,"8/10/2015",0,0
"fb_773","m",71.44,52.62,1.644,"8/11/2015",0,0
"fb_774","m",71.48,53.15,1.652,"8/12/2015",0,0
"fb_775","m",72.08,53.68,1.664,"8/13/2015",0,0
"fb_776","m",91.27,83.9,2.866,"8/14/2015",0,0
"fb_777","m",91.29,83.99,2.868,"8/15/2015",0,0
"fb_778","m",91.3,84.05,2.88,"8/16/2015",0,0
"fb_779","m",91.3,84.12,2.898,"8/17/2015",0,0
"fb_780","m",91.32,84.29,2.95,"8/18/2015",0,0
"fb_781","m",91.32,84.32,2.964,"8/9/2015",0,0
"fb_782","m",91.33,84.62,3.016,"8/10/2015",0,0
"fb_783","m",91.33,84.74,3.086,"8/11/2015",0,0
"fb_784","m",91.34,84.9,3.086,"8/12/2015",0,0
"fb_785","m",91.36,84.93,3.118,"8/13/2015",0,0
"fb_786","m",91.38,85.27,3.122,"8/14/2015",0,0
"fb_787","m",91.41,85.38,3.148,"8/15/2015",0,0
"fb_788","m",91.41,85.91,3.228,"8/16/2015",0,0
"fb_789","m",91.63,86.11,3.25,"8/17/2015",0,0
"fb_790","m",91.66,86.13,3.28,"8/18/2015",0,0
"fb_791","m",91.83,86.13,3.29,"8/9/2015",0,0
"fb_792","m",91.97,86.22,3.316,"8/10/2015",0,0
"fb_793","m",93.68,86.3,3.32,"8/11/2015",0,0
"fb_794","m",93.97,86.31,3.32,"8/12/2015",0,0
"fb_795","m",93.97,86.33,3.352,"8/13/2015",0,0
"fb_796","m",94.01,86.45,3.38,"8/14/2015",0,0
"fb_797","m",94.02,86.48,3.444,"8/15/2015",0,0
"fb_798","m",94.03,86.62,3.484,"8/16/2015",0,0
"fb_799","m",94.06,86.65,3.502,"8/17/2015",0,0
"fb_800","m",94.15,87.07,3.588,"8/18/2015",0,0
"fb_801","f",70.08,51.15,1.734,"9/8/2015",0,0
"fb_802","f",71.07,51.34,1.774,"9/9/2015",0,0
"fb_803","f",72.32,51.61,1.776,"9/10/2015",0,0
"fb_804","f",72.46,51.86,1.78,"9/11/2015",0,0
"fb_805","f",72.66,52.59,1.788,"9/12/2015",0,0
"fb_806","f",72.73,52.73,1.79,"9/13/2015",0,0
"fb_807","f",72.85,52.8,1.792,"9/14/2015",0,0
"fb_808","f",73,52.81,1.796,"9/15/2015",0,0
"fb_809","f",73.15,52.83,1.802,"9/16/2015",0,0
"fb_810","f",73.31,52.85,1.812,"9/17/2015",0,0
"fb_811","f",73.59,52.86,1.816,"9/8/2015",0,0
"fb_812","f",73.71,52.98,1.83,"9/9/2015",0,0
"fb_813","f",73.82,53.15,1.854,"9/10/2015",0,0
"fb_814","f",74.05,53.18,1.856,"9/11/2015",0,0
"fb_815","f",74.11,53.31,1.86,"9/12/2015",0,0
"fb_816","f",74.22,53.34,1.864,"9/13/2015",0,0
"fb_817","f",74.43,53.65,1.868,"9/14/2015",0,0
"fb_818","f",74.99,53.81,1.878,"9/15/2015",0,0
"fb_819","f",75.04,53.84,1.886,"9/16/2015",0,0
"fb_820","f",75.76,54.78,1.886,"9/17/2015",1,9
"fb_821","f",76.08,57.28,3,"9/8/2015",0,0
"fb_822","f",76.11,58.29,3.078,"9/9/2015",0,0
"fb_823","f",76.21,58.81,3.17,"9/10/2015",0,0
"fb_824","f",76.22,58.82,3.178,"9/11/2015",0,0
"fb_825","f",76.25,58.83,3.198,"9/12/2015",0,0
"fb_826","f",76.26,58.83,3.21,"9/13/2015",0,0
"fb_827","f",76.28,58.92,3.216,"9/14/2015",0,0
"fb_828","f",76.28,58.94,3.274,"9/15/2015",0,0
"fb_829","f",76.31,58.97,3.312,"9/16/2015",0,0
"fb_830","f",76.33,59,3.334,"9/17/2015",0,0
"fb_831","f",76.33,59.08,3.334,"9/8/2015",0,0
"fb_832","f",76.34,59.1,3.336,"9/9/2015",0,0
"fb_833","f",76.34,59.11,3.346,"9/10/2015",0,0
"fb_834","f",76.37,59.12,3.348,"9/11/2015",0,0
"fb_835","f",76.39,59.16,3.37,"9/12/2015",0,0
"fb_836","f",76.39,59.2,3.376,"9/13/2015",0,0
"fb_837","f",76.4,59.2,3.396,"9/14/2015",0,0
"fb_838","f",76.44,59.21,3.418,"9/15/2015",0,0
"fb_839","f",76.46,59.22,3.444,"9/16/2015",0,0
"fb_840","f",76.47,59.23,3.458,"9/17/2015",0,0
"fb_841","f",76.48,59.28,3.47,"9/8/2015",1,5
"fb_842","f",76.48,59.42,3.48,"9/9/2015",0,0
"fb_843","f",76.49,59.44,3.486,"9/10/2015",0,0
"fb_844","f",76.49,59.49,3.488,"9/11/2015",0,0
"fb_845","f",76.5,59.5,3.5,"9/12/2015",0,0
"fb_846","f",76.5,59.51,3.51,"9/13/2015",0,0
"fb_847","f",76.5,59.52,3.518,"9/14/2015",0,0
"fb_848","f",76.53,59.6,3.518,"9/15/2015",0,0
"fb_849","f",76.53,59.65,3.528,"9/16/2015",0,0
"fb_850","f",76.54,59.68,3.534,"9/17/2015",0,0
"fb_851","f",76.56,59.84,3.54,"9/8/2015",0,0
"fb_852","f",76.57,59.9,3.544,"9/9/2015",0,0
"fb_853","f",76.59,59.93,3.564,"9/10/2015",0,0
"fb_854","f",76.65,60.04,3.58,"9/11/2015",0,0
"fb_855","f",76.66,60.12,3.584,"9/12/2015",0,0
"fb_856","f",76.69,60.13,3.588,"9/13/2015",0,0
"fb_857","f",76.73,60.14,3.59,"9/14/2015",0,0
"fb_858","f",76.73,60.37,3.798,"9/15/2015",0,0
"fb_859","f",76.74,60.43,3.818,"9/16/2015",0,0
"fb_860","f",76.74,60.44,3.84,"9/17/2015",0,0
"fb_861","m",70.93,50.2,1.724,"9/8/2015",0,0
"fb_862","m",72.38,53.69,1.77,"9/9/2015",0,0
"fb_863","m",72.63,54.09,1.774,"9/10/2015",0,0
"fb_864","m",72.64,54.36,1.776,"9/11/2015",0,0
"fb_865","m",72.69,54.74,1.786,"9/12/2015",0,0
"fb_866","m",72.81,54.75,1.794,"9/13/2015",1,17
"fb_867","m",72.84,54.83,1.796,"9/14/2015",0,0
"fb_868","m",73.3,55.34,1.8,"9/15/2015",0,0
"fb_869","m",74.41,55.89,1.808,"9/16/2015",0,0
"fb_870","m",74.52,55.94,1.812,"9/17/2015",0,0
"fb_871","m",74.69,56.34,1.812,"9/8/2015",0,0
"fb_872","m",74.93,56.92,1.83,"9/9/2015",0,0
"fb_873","m",75.14,57.12,1.844,"9/10/2015",0,0
"fb_874","m",75.18,57.65,1.852,"9/11/2015",0,0
"fb_875","m",75.78,58.18,1.864,"9/12/2015",0,0
"fb_876","m",91.33,84.62,3.066,"9/13/2015",1,6
"fb_877","m",91.33,84.74,3.068,"9/14/2015",0,0
"fb_878","m",91.34,84.9,3.08,"9/15/2015",0,0
"fb_879","m",91.36,84.93,3.098,"9/16/2015",0,0
"fb_880","m",91.38,85.27,3.15,"9/17/2015",0,0
"fb_881","m",91.41,85.38,3.164,"9/8/2015",0,0
"fb_882","m",91.41,85.91,3.216,"9/9/2015",0,0
"fb_883","m",91.63,86.11,3.286,"9/10/2015",0,0
"fb_884","m",91.66,86.13,3.286,"9/11/2015",0,0
"fb_885","m",91.83,86.13,3.318,"9/12/2015",0,0
"fb_886","m",91.97,86.22,3.322,"9/13/2015",0,0
"fb_887","m",93.68,86.3,3.348,"9/14/2015",0,0
"fb_888","m",93.97,86.31,3.428,"9/15/2015",0,0
"fb_889","m",93.97,86.33,3.45,"9/16/2015",0,0
"fb_890","m",94.01,86.45,3.48,"9/17/2015",1,4
"fb_891","m",94.02,86.48,3.49,"9/8/2015",0,0
"fb_892","m",94.03,86.62,3.516,"9/9/2015",0,0
"fb_893","m",94.06,86.65,3.52,"9/10/2015",0,0
"fb_894","m",94.07,87.07,3.52,"9/11/2015",0,0
"fb_895","m",94.09,87.1,3.552,"9/12/2015",0,0
"fb_896","m",94.1,87.19,3.58,"9/13/2015",0,0
"fb_897","m",94.1,87.25,3.644,"9/14/2015",0,0
"fb_898","m",94.12,87.32,3.684,"9/15/2015",0,0
"fb_899","m",94.12,87.49,3.702,"9/16/2015",0,0
"fb_900","m",94.15,87.52,3.788,"9/17/2015",0,0
"fb_901","f",73.71,55.06,1.934,"10/8/2015",0,0
"fb_902","f",74.68,55.08,1.974,"10/9/2015",0,0
"fb_903","f",74.7,55.09,1.976,"10/10/2015",0,0
"fb_904","f",74.84,55.21,1.98,"10/11/2015",0,0
"fb_905","f",75.12,55.31,1.988,"10/12/2015",0,0
"fb_906","f",75.24,55.38,1.99,"10/13/2015",0,0
"fb_907","f",75.35,55.41,1.992,"10/14/2015",0,0
"fb_908","f",75.58,55.5,1.996,"10/15/2015",1,12
"fb_909","f",75.64,55.54,2.002,"10/16/2015",0,0
"fb_910","f",75.75,55.57,2.012,"10/17/2015",1,14
"fb_911","f",75.95,55.77,2.016,"10/8/2015",0,0
"fb_912","f",75.96,55.88,2.03,"10/9/2015",0,0
"fb_913","f",76.08,56.02,2.054,"10/10/2015",0,0
"fb_914","f",76.09,56.04,2.056,"10/11/2015",0,0
"fb_915","f",76.11,56.07,2.06,"10/12/2015",0,0
"fb_916","f",76.21,56.75,2.064,"10/13/2015",0,0
"fb_917","f",76.22,56.89,2.068,"10/14/2015",0,0
"fb_918","f",76.25,56.96,2.078,"10/15/2015",0,0
"fb_919","f",76.26,56.97,2.086,"10/16/2015",0,0
"fb_920","f",76.28,57.01,2.086,"10/17/2015",0,0
"fb_921","f",76.28,57.28,3.2,"10/8/2015",0,0
"fb_922","f",76.29,58.29,3.278,"10/9/2015",0,0
"fb_923","f",76.31,58.81,3.37,"10/10/2015",0,0
"fb_924","f",76.33,58.82,3.378,"10/11/2015",0,0
"fb_925","f",76.33,58.83,3.398,"10/12/2015",0,0
"fb_926","f",76.34,58.83,3.41,"10/13/2015",0,0
"fb_927","f",76.34,58.92,3.416,"10/14/2015",0,0
"fb_928","f",76.36,58.94,3.474,"10/15/2015",0,0
"fb_929","f",76.37,58.97,3.512,"10/16/2015",0,0
"fb_930","f",76.39,59,3.534,"10/17/2015",0,0
"fb_931","f",76.39,59.08,3.534,"10/8/2015",0,0
"fb_932","f",76.4,59.1,3.536,"10/9/2015",0,0
"fb_933","f",76.44,59.11,3.546,"10/10/2015",0,0
"fb_934","f",76.46,59.12,3.548,"10/11/2015",0,0
"fb_935","f",76.47,59.16,3.57,"10/12/2015",0,0
"fb_936","f",76.48,59.2,3.576,"10/13/2015",0,0
"fb_937","f",76.48,59.2,3.596,"10/14/2015",0,0
"fb_938","f",76.48,59.21,3.618,"10/15/2015",0,0
"fb_939","f",76.49,59.22,3.644,"10/16/2015",0,0
"fb_940","f",76.49,59.23,3.658,"10/17/2015",1,6
"fb_941","f",76.5,59.28,3.67,"10/8/2015",0,0
"fb_942","f",76.5,59.42,3.68,"10/9/2015",0,0
"fb_943","f",76.5,59.44,3.686,"10/10/2015",0,0
"fb_944","f",76.52,59.49,3.688,"10/11/2015",0,0
"fb_945","f",76.53,59.5,3.7,"10/12/2015",0,0
"fb_946","f",76.53,59.51,3.71,"10/13/2015",0,0
"fb_947","f",76.54,59.52,3.718,"10/14/2015",0,0
"fb_948","f",76.56,59.6,3.718,"10/15/2015",0,0
"fb_949","f",76.57,59.65,3.728,"10/16/2015",0,0
"fb_950","f",76.57,59.68,3.734,"10/17/2015",0,0
"fb_951","f",76.59,59.84,3.74,"10/8/2015",0,0
"fb_952","f",76.63,59.9,3.744,"10/9/2015",0,0
"fb_953","f",76.65,59.93,3.764,"10/10/2015",0,0
"fb_954","f",76.66,60.04,3.78,"10/11/2015",0,0
"fb_955","f",76.69,60.12,3.784,"10/12/2015",0,0
"fb_956","f",76.73,60.13,3.788,"10/13/2015",0,0
"fb_957","f",76.73,60.14,3.79,"10/14/2015",0,0
"fb_958","f",76.74,60.37,3.998,"10/15/2015",0,0
"fb_959","f",76.74,60.43,4.018,"10/16/2015",0,0
"fb_960","f",77.29,60.44,4.04,"10/17/2015",0,0
"fb_961","m",74.63,54.7,1.924,"10/8/2015",1,9
"fb_962","m",76.08,58.19,1.97,"10/9/2015",0,0
"fb_963","m",76.33,58.59,1.974,"10/10/2015",0,0
"fb_964","m",76.34,58.86,1.976,"10/11/2015",0,0
"fb_965","m",76.39,59.24,1.986,"10/12/2015",0,0
"fb_966","m",76.51,59.25,1.994,"10/13/2015",1,11
"fb_967","m",76.54,59.33,1.996,"10/14/2015",0,0
"fb_968","m",77,59.84,2,"10/15/2015",0,0
"fb_969","m",78.11,60.39,2.008,"10/16/2015",0,0
"fb_970","m",78.22,60.44,2.012,"10/17/2015",0,0
"fb_971","m",78.39,60.84,2.012,"10/8/2015",1,9
"fb_972","m",78.63,61.42,2.03,"10/9/2015",0,0
"fb_973","m",78.84,61.62,2.044,"10/10/2015",0,0
"fb_974","m",78.88,62.15,2.052,"10/11/2015",0,0
"fb_975","m",79.48,62.68,2.064,"10/12/2015",0,0
"fb_976","m",91.33,84.62,3.266,"10/13/2015",0,0
"fb_977","m",91.33,84.74,3.268,"10/14/2015",0,0
"fb_978","m",91.34,84.9,3.28,"10/15/2015",0,0
"fb_979","m",91.36,84.93,3.298,"10/16/2015",0,0
"fb_980","m",91.38,85.27,3.35,"10/17/2015",0,0
"fb_981","m",91.41,85.38,3.364,"10/8/2015",0,0
"fb_982","m",91.41,85.91,3.416,"10/9/2015",0,0
"fb_983","m",91.63,86.11,3.486,"10/10/2015",0,0
"fb_984","m",91.66,86.13,3.486,"10/11/2015",0,0
"fb_985","m",91.83,86.13,3.518,"10/12/2015",0,0
"fb_986","m",91.97,86.22,3.522,"10/13/2015",0,0
"fb_987","m",93.68,86.3,3.548,"10/14/2015",0,0
"fb_988","m",93.97,86.31,3.628,"10/15/2015",0,0
"fb_989","m",93.97,86.33,3.65,"10/16/2015",0,0
"fb_990","m",94.01,86.45,3.68,"10/17/2015",0,0
"fb_991","m",94.02,86.48,3.69,"10/8/2015",0,0
"fb_992","m",94.03,86.62,3.716,"10/9/2015",0,0
"fb_993","m",94.06,86.65,3.72,"10/10/2015",0,0
"fb_994","m",94.07,87.07,3.72,"10/11/2015",0,0
"fb_995","m",94.09,87.1,3.752,"10/12/2015",0,0
"fb_996","m",94.1,87.19,3.78,"10/13/2015",0,0
"fb_997","m",94.1,87.25,3.844,"10/14/2015",0,0
"fb_998","m",94.12,87.32,3.884,"10/15/2015",0,0
"fb_999","m",94.12,87.49,3.902,"10/16/2015",0,0
"fb_1000","m",94.15,87.52,four,"10/17/2015",0,0
"fb_1001","f",75.24,57.28,2.134,"11/7/2015",0,0
"fb_1002","f",76.21,57.29,2.174,"11/8/2015",0,0
"fb_1003","f",76.23,57.31,2.176,"11/9/2015",0,0
"fb_1004","f",76.28,57.32,2.18,"11/10/2015",0,0
"fb_1005","f",76.29,57.44,2.188,"11/11/2015",0,0
"fb_1006","f",76.31,57.54,2.19,"11/12/2015",0,0
"fb_1007","f",76.33,57.57,2.192,"11/13/2015",0,0
"fb_1008","f",76.33,57.6,2.196,"11/14/2015",0,0
"fb_1009","f",76.34,57.61,2.202,"11/15/2015",0,0
"fb_1010","f",76.34,57.64,2.212,"11/16/2015",0,0
"fb_1011","f",76.36,57.73,2.216,"11/7/2015",0,0
"fb_1012","f",76.37,57.8,2.23,"11/8/2015",0,0
"fb_1013","f",76.37,57.91,2.254,"11/9/2015",0,0
"fb_1014","f",76.39,58.05,2.256,"11/10/2015",0,0
"fb_1015","f",76.39,58.07,2.26,"11/11/2015",0,0
"fb_1016","f",76.4,58.1,2.264,"11/12/2015",1,4
"fb_1017","f",76.44,58.29,2.268,"11/13/2015",0,0
"fb_1018","f",76.46,58.78,2.278,"11/14/2015",0,0
"fb_1019","f",76.47,58.81,2.286,"11/15/2015",0,0
"fb_1020","f",76.48,58.82,2.286,"11/16/2015",0,0
"fb_1021","f",76.48,58.83,3.4,"11/7/2015",0,0
"fb_1022","f",76.48,58.83,3.478,"11/8/2015",0,0
"fb_1023","f",76.49,58.92,3.57,"11/9/2015",0,0
"fb_1024","f",76.49,58.92,3.578,"11/10/2015",0,0
"fb_1025","f",76.5,58.94,3.598,"11/11/2015",0,0
"fb_1026","f",76.5,58.97,3.61,"11/12/2015",0,0
"fb_1027","f",76.5,58.99,3.616,"11/13/2015",0,0
"fb_1028","f",76.52,59,3.674,"11/14/2015",0,0
"fb_1029","f",76.53,59,3.712,"11/15/2015",0,0
"fb_1030","f",76.53,59.04,3.734,"11/16/2015",0,0
"fb_1031","f",76.54,59.08,3.734,"11/7/2015",0,0
"fb_1032","f",76.56,59.1,3.736,"11/8/2015",0,0
"fb_1033","f",76.57,59.11,3.746,"11/9/2015",0,0
"fb_1034","f",76.57,59.12,3.748,"11/10/2015",0,0
"fb_1035","f",76.59,59.16,3.77,"11/11/2015",0,0
"fb_1036","f",76.63,59.2,3.776,"11/12/2015",0,0
"fb_1037","f",76.65,59.2,3.796,"11/13/2015",0,0
"fb_1038","f",76.65,59.21,3.818,"11/14/2015",0,0
"fb_1039","f",76.66,59.22,3.844,"11/15/2015",0,0
"fb_1040","f",76.69,59.23,3.858,"11/16/2015",0,0
"fb_1041","f",76.73,59.28,3.87,"11/7/2015",0,0
"fb_1042","f",76.73,59.42,3.88,"11/8/2015",0,0
"fb_1043","f",76.74,59.44,3.886,"11/9/2015",0,0
"fb_1044","f",76.74,59.49,3.888,"11/10/2015",0,0
"fb_1045","f",76.77,59.5,3.9,"11/11/2015",0,0
"fb_1046","f",76.88,59.51,3.91,"11/12/2015",0,0
"fb_1047","f",76.97,59.52,3.918,"11/13/2015",1,6
"fb_1048","f",77.08,59.6,3.918,"11/14/2015",0,0
"fb_1049","f",77.11,59.65,3.928,"11/15/2015",0,0
"fb_1050","f",77.28,59.68,3.934,"11/16/2015",0,0
"fb_1051","f",77.29,59.84,3.94,"11/7/2015",0,0
"fb_1052","f",77.29,59.9,3.944,"11/8/2015",0,0
"fb_1053","f",77.41,59.93,3.964,"11/9/2015",0,0
"fb_1054","f",77.42,60.04,3.98,"11/10/2015",0,0
"fb_1055","f",77.44,60.12,3.984,"11/11/2015",0,0
"fb_1056","f",77.54,60.13,3.988,"11/12/2015",0,0
"fb_1057","f",77.55,60.14,3.99,"11/13/2015",0,0
"fb_1058","f",77.58,60.37,4.198,"11/14/2015",0,0
"fb_1059","f",77.59,60.43,4.218,"11/15/2015",0,0
"fb_1060","f",77.61,60.44,4.24,"11/16/2015",0,0
"fb_1061","m",78.33,59.2,2.124,"11/7/2015",0,0
"fb_1062","m",79.78,62.69,2.17,"11/8/2015",0,0
"fb_1063","m",80.03,63.09,2.174,"11/9/2015",0,0
"fb_1064","m",80.04,63.36,2.176,"11/10/2015",0,0
"fb_1065","m",80.09,63.74,2.186,"11/11/2015",0,0
"fb_1066","m",80.21,63.75,2.194,"11/12/2015",1,9
"fb_1067","m",80.24,63.83,2.196,"11/13/2015",0,0
"fb_1068","m",80.7,64.34,2.2,"11/14/2015",0,0
"fb_1069","m",81.61,64.39,2.208,"11/15/2015",0,0
"fb_1070","m",81.72,64.44,2.212,"11/16/2015",0,0
"fb_1071","m",81.89,64.84,2.212,"11/7/2015",0,0
"fb_1072","m",82.13,65.42,2.23,"11/8/2015",0,0
"fb_1073","m",82.34,65.62,2.244,"11/9/2015",1,9
"fb_1074","m",82.38,66.15,2.252,"11/10/2015",0,0
"fb_1075","m",82.98,66.68,2.264,"11/11/2015",0,0
"fb_1076","m",91.33,84.62,3.466,"11/12/2015",0,0
"fb_1077","m",91.33,84.74,3.468,"11/13/2015",0,0
"fb_1078","m",91.34,84.9,3.48,"11/14/2015",0,0
"fb_1079","m",91.36,84.93,3.498,"11/15/2015",1,3
"fb_1080","m",91.38,85.27,3.55,"11/16/2015",0,0
"fb_1081","m",91.41,85.38,3.564,"11/7/2015",0,0
"fb_1082","m",91.41,85.91,3.616,"11/8/2015",0,0
"fb_1083","m",91.63,86.11,3.686,"11/9/2015",0,0
"fb_1084","m",91.66,86.13,3.686,"11/10/2015",0,0
"fb_1085","m",91.83,86.13,3.718,"11/11/2015",0,0
"fb_1086","m",91.97,86.22,3.722,"11/12/2015",0,0
"fb_1087","m",93.68,86.3,3.748,"11/13/2015",0,0
"fb_1088","m",93.97,86.31,3.828,"11/14/2015",0,0
"fb_1089","m",93.97,86.33,3.85,"11/15/2015",0,0
"fb_1090","m",94.01,86.45,3.88,"11/16/2015",0,0
"fb_1091","m",94.02,86.48,3.89,"11/7/2015",0,0
"fb_1092","m",94.03,86.62,3.916,"11/8/2015",0,0
"fb_1093","m",94.06,86.65,3.92,"11/9/2015",0,0
"fb_1094","m",94.07,87.07,3.92,"11/10/2015",0,0
"fb_1095","m",94.09,87.1,3.952,"11/11/2015",0,0
"fb_1096","m",94.1,87.19,3.98,"11/12/2015",0,0
"fb_1097","m",94.1,87.25,4.044,"11/13/2015",0,0
"fb_1098","m",94.12,87.32,4.084,"11/14/2015",0,0
"fb_1099","m",94.12,87.49,4.102,"11/15/2015",0,0
"fb_1100","m",94.15,87.52,4.188,"11/16/2015",0,0
"fb_1101","f",76.48,58.83,2.334,"12/7/2015",0,0
"fb_1102","f",76.48,58.83,2.374,"12/8/2015",1,10
"fb_1103","f",76.49,58.92,2.376,"12/9/2015",0,0
"fb_1104","f",76.49,58.92,2.38,"12/10/2015",0,0
"fb_1105","f",76.5,58.94,2.388,"12/11/2015",0,0
"fb_1106","f",76.5,58.97,2.39,"12/12/2015",0,0
"fb_1107","f",76.5,58.99,2.392,"12/13/2015",0,0
"fb_1108","f",76.52,59,2.396,"12/14/2015",0,0
"fb_1109","f",76.53,59,2.402,"12/15/2015",0,0
"fb_1110","f",76.53,59.04,2.412,"12/16/2015",0,0
"fb_1111","f",76.54,59.08,2.416,"12/7/2015",1,3
"fb_1112","f",76.56,59.1,2.43,"12/8/2015",0,0
"fb_1113","f",76.57,59.11,2.454,"12/9/2015",0,0
"fb_1114","f",76.57,59.12,2.456,"12/10/2015",0,0
"fb_1115","f",76.57,59.16,2.46,"12/11/2015",0,0
"fb_1116","f",76.59,59.2,2.464,"12/12/2015",0,0
"fb_1117","f",76.63,59.2,2.468,"12/13/2015",0,0
"fb_1118","f",76.65,59.21,2.478,"12/14/2015",0,0
"fb_1119","f",76.65,59.22,2.486,"12/15/2015",0,0
"fb_1120","f",76.66,59.23,2.486,"12/16/2015",0,0
"fb_1121","f",76.69,59.28,3.6,"12/7/2015",0,0
"fb_1122","f",76.73,59.31,3.678,"12/8/2015",0,0
"fb_1123","f",76.73,59.32,3.77,"12/9/2015",0,0
"fb_1124","f",76.74,59.34,3.778,"12/10/2015",0,0
"fb_1125","f",76.74,59.35,3.798,"12/11/2015",1,6
"fb_1126","f",76.77,59.42,3.81,"12/12/2015",0,0
"fb_1127","f",76.88,59.44,3.816,"12/13/2015",0,0
"fb_1128","f",76.97,59.44,3.874,"12/14/2015",0,0
"fb_1129","f",77.08,59.47,3.912,"12/15/2015",0,0
"fb_1130","f",77.11,59.47,3.934,"12/16/2015",0,0
"fb_1131","f",77.28,59.49,3.934,"12/7/2015",0,0
"fb_1132","f",77.29,59.5,3.936,"12/8/2015",0,0
"fb_1133","f",77.29,59.51,3.946,"12/9/2015",0,0
"fb_1134","f",77.41,59.52,3.948,"12/10/2015",0,0
"fb_1135","f",77.42,59.56,3.97,"12/11/2015",0,0
"fb_1136","f",77.44,59.57,3.976,"12/12/2015",0,0
"fb_1137","f",77.47,59.6,3.996,"12/13/2015",1,3
"fb_1138","f",77.47,59.6,4.018,"12/14/2015",0,0
"fb_1139","f",77.49,59.63,4.044,"12/15/2015",0,0
"fb_1140","f",77.5,59.63,4.058,"12/16/2015",0,0
"fb_1141","f",77.5,59.65,4.07,"12/7/2015",0,0
"fb_1142","f",77.52,59.68,4.08,"12/8/2015",0,0
"fb_1143","f",77.52,59.74,4.086,"12/9/2015",0,0
"fb_1144","f",77.53,59.84,4.088,"12/10/2015",0,0
"fb_1145","f",77.54,59.88,4.1,"12/11/2015",0,0
"fb_1146","f",77.54,59.9,4.11,"12/12/2015",0,0
"fb_1147","f",77.55,59.9,4.118,"12/13/2015",0,0
"fb_1148","f",77.56,59.93,4.118,"12/14/2015",0,0
"fb_1149","f",77.57,59.93,4.128,"12/15/2015",0,0
"fb_1150","f",77.58,60.04,4.134,"12/16/2015",0,0
"fb_1151","f",77.59,60.12,4.14,"12/7/2015",0,0
"fb_1152","f",77.59,60.12,4.144,"12/8/2015",0,0
"fb_1153","f",77.6,60.13,4.164,"12/9/2015",0,0
"fb_1154","f",77.61,60.14,4.18,"12/10/2015",0,0
"fb_1155","f",77.61,60.37,4.184,"12/11/2015",0,0
"fb_1156","f",77.61,60.43,4.188,"12/12/2015",0,0
"fb_1157","f",77.62,60.44,4.19,"12/13/2015",0,0
"fb_1158","f",77.64,60.61,4.398,"12/14/2015",0,0
"fb_1159","f",77.66,60.64,4.418,"12/15/2015",0,0
"fb_1160","f",77.66,60.65,4.44,"12/16/2015",1,4
"fb_1161","m",81.83,63.2,2.324,"12/7/2015",0,0
"fb_1162","m",83.28,66.69,2.37,"12/8/2015",0,0
"fb_1163","m",83.53,67.09,2.374,"12/9/2015",0,0
"fb_1164","m",83.54,67.36,2.376,"12/10/2015",0,0
"fb_1165","m",83.59,67.74,2.386,"12/11/2015",0,0
"fb_1166","m",83.71,67.75,2.394,"12/12/2015",0,0
"fb_1167","m",83.74,67.83,2.396,"12/13/2015",0,0
"fb_1168","m",84.2,68.19,2.4,"12/14/2015",0,0
"fb_1169","m",84.91,68.24,2.408,"12/15/2015",0,0
"fb_1170","m",85.02,68.34,2.412,"12/16/2015",0,0
"fb_1171","m",85.19,68.64,2.412,"12/7/2015",0,0
"fb_1172","m",85.43,69.22,2.43,"12/8/2015",0,0
"fb_1173","m",85.64,69.42,2.444,"12/9/2015",0,0
"fb_1174","m",85.68,69.95,2.452,"12/10/2015",0,0
"fb_1175","m",86.28,70.48,2.464,"12/11/2015",0,0
"fb_1176","m",91.33,84.62,3.666,"12/12/2015",0,0
"fb_1177","m",91.33,84.74,3.668,"12/13/2015",0,0
"fb_1178","m",91.34,84.9,3.68,"12/14/2015",0,0
"fb_1179","m",91.36,84.93,3.698,"12/15/2015",0,0
"fb_1180","m",91.38,85.27,3.75,"12/16/2015",0,0
"fb_1181","m",91.41,85.38,3.764,"12/7/2015",0,0
"fb_1182","m",91.41,85.91,3.816,"12/8/2015",0,0
"fb_1183","m",91.63,86.11,3.886,"12/9/2015",0,0
"fb_1184","m",91.66,86.13,3.886,"12/10/2015",0,0
"fb_1185","m",91.83,86.13,3.918,"12/11/2015",0,0
"fb_1186","m",91.97,86.22,3.922,"12/12/2015",0,0
"fb_1187","m",93.68,86.3,3.948,"12/13/2015",0,0
"fb_1188","m",93.97,86.31,4.028,"12/14/2015",0,0
"fb_1189","m",93.97,86.33,4.05,"12/15/2015",0,0
"fb_1190","m",94.01,86.45,4.08,"12/16/2015",0,0
"fb_1191","m",94.02,86.48,4.09,"12/7/2015",0,0
"fb_1192","m",94.03,86.62,4.116,"12/8/2015",0,0
"fb_1193","m",94.06,86.65,4.12,"12/9/2015",0,0
"fb_1194","m",94.07,87.07,4.12,"12/10/2015",0,0
"fb_1195","m",94.09,87.1,4.152,"12/11/2015",0,0
"fb_1196","m",94.1,87.19,4.18,"12/12/2015",0,0
"fb_1197","m",94.1,87.25,4.244,"12/13/2015",0,0
"fb_1198","m",94.12,87.32,4.284,"12/14/2015",0,0
"fb_1199","m",94.12,87.49,4.302,"12/15/2015",0,0
"fb_1200","m",94.15,87.52,4.388,"12/16/2015",0,0
