location,ID,family,age,sex,tail,GIparasites,sickGIparasites,year,treatment,predictions
Toliara,2,1,0,Female,22.939997671406267,26,infected,2018,Non,25.60474019823662
Antsiranana,5,2,1,Female,16.66890775291617,34,infected,2018,Non,25.60474019823662
Antsiranana,8,5,2,Female,18.034205460169034,16,infected,2018,Non,25.60474019823662
Antsiranana,9,5,2,Female,21.352419545251532,17,infected,2018,Non,25.60474019823662
Antsiranana,10,8,3,Female,23.57672758990164,10,infected,2018,Non,25.60474019823662
Antsiranana,11,8,3,Female,23.2253993619673,5,not infected,2018,Non,25.60474019823662
Toamasina,13,9,4,Female,14.489735179171578,21,infected,2018,Non,25.60474019823662
Toamasina,14,9,4,Female,32.39945443820932,8,infected,2018,Non,25.60474019823662
Toliara,15,7,4,Female,10.996011063349151,71,infected,2018,Non,25.60474019823662
Toliara,16,7,5,Female,13.056285972038427,66,infected,2018,Non,25.60474019823662
Toamasina,20,10,6,Female,23.026263435681308,9,infected,2018,Non,25.60474019823662
Toamasina,22,6,7,Female,23.858322393122748,9,infected,2018,Non,25.60474019823662
Toamasina,23,10,7,Female,21.913336321141685,2,not infected,2018,Non,25.60474019823662
Toliara,24,7,7,Female,18.706418148467865,20,infected,2018,Non,25.60474019823662
Toamasina,25,9,8,Female,12.237459579797111,50,infected,2018,Non,25.60474019823662
Toamasina,27,4,8,Female,29.55796677626496,5,not infected,2018,Non,25.60474019823662
Antsiranana,28,2,9,Female,31.352137017047415,29,infected,2018,Non,25.60474019823662
Antsiranana,31,5,10,Female,21.052995756388952,44,infected,2018,Non,25.60474019823662
Toliara,39,1,12,Female,29.224342793614866,14,infected,2018,Non,25.60474019823662
Toliara,42,3,13,Female,23.02228990256646,8,infected,2018,Non,25.60474019823662
Antsiranana,45,2,14,Female,26.083927172110258,3,not infected,2018,Non,25.60474019823662
Antsiranana,46,8,15,Female,36.43808545967292,9,infected,2018,Non,25.60474019823662
Toamasina,47,9,15,Female,37.55424288927726,4,not infected,2018,Non,25.60474019823662
Toamasina,50,6,16,Female,40.968093741702106,9,infected,2018,Non,25.60474019823662
Antsiranana,52,2,17,Female,35.10059525504871,7,infected,2018,Non,25.60474019823662
Antsiranana,53,2,17,Female,41.4990770809352,21,infected,2018,Non,25.60474019823662
Antsiranana,55,5,18,Female,32.66495764328588,11,infected,2018,Non,25.60474019823662
Toamasina,57,6,18,Female,23.929148767836026,63,infected,2018,Non,25.60474019823662
Toamasina,59,4,19,Female,21.633413600704014,57,infected,2018,Non,25.60474019823662
Toamasina,61,4,20,Female,26.512556237116407,33,infected,2018,Non,25.60474019823662
Antsiranana,64,5,21,Female,31.918347805360455,5,infected,2018,Non,25.60474019823662
Toliara,66,3,21,Female,28.752474164953586,13,infected,2018,Non,25.60474019823662
Toliara,67,3,22,Female,36.5169159998748,47,infected,2018,Non,25.60474019823662
Toliara,69,7,22,Female,31.616825645749838,30,infected,2018,Non,25.60474019823662
Toamasina,71,10,23,Female,17.87732747745573,77,infected,2018,Non,25.60474019823662
Toamasina,72,4,23,Female,34.83720015271264,16,infected,2018,Non,25.60474019823662
Toamasina,74,9,24,Female,9.127914893733983,77,infected,2018,Non,25.60474019823662
Toamasina,75,6,24,Female,44.65229239901713,7,not infected,2018,Non,25.60474019823662
Toamasina,76,6,25,Female,41.627648432035144,29,infected,2018,Non,25.60474019823662
Toliara,81,7,26,Female,48.32965333703795,11,infected,2018,Non,25.60474019823662
Toliara,82,7,27,Female,38.28574014223446,9,infected,2018,Non,25.60474019823662
Antsiranana,86,8,28,Female,44.371026088812705,22,infected,2018,Non,25.60474019823662
Toliara,87,7,28,Female,51.088828361329966,10,infected,2018,Non,25.60474019823662
Toamasina,88,6,29,Female,56.37331204502349,11,infected,2018,Non,25.60474019823662
Antsiranana,92,5,30,Female,50.22194428015091,5,not infected,2018,Non,25.60474019823662
Toamasina,93,4,30,Female,36.84483358262278,39,infected,2018,Non,25.60474019823662
Toliara,94,3,31,Female,49.448370100827766,33,infected,2018,Non,25.60474019823662
Antsiranana,96,2,31,Female,47.83586451793385,8,infected,2018,Non,25.60474019823662
Toliara,100,1,33,Female,39.166439077833886,34,infected,2018,Non,25.60474019823662
Toliara,1,1,0,Male,27.140514162485918,32,infected,2018,Non,37.90486508959319
Antsiranana,3,2,0,Male,26.044464278695152,58,infected,2018,Non,37.90486508959319
Antsiranana,4,2,1,Male,34.68824409424051,42,infected,2018,Non,37.90486508959319
Toliara,6,3,1,Male,21.351960976742966,63,infected,2018,Non,37.90486508959319
Toliara,7,3,2,Male,27.486830153103718,54,infected,2018,Non,37.90486508959319
Toamasina,12,9,3,Male,37.87174815669551,20,infected,2018,Non,37.90486508959319
Toliara,17,1,5,Male,26.750729021273763,76,infected,2018,Non,37.90486508959319
Toamasina,18,9,5,Male,40.18988452158001,39,infected,2018,Non,37.90486508959319
Toliara,19,1,6,Male,37.129589779225334,45,infected,2018,Non,37.90486508959319
Toamasina,21,9,6,Male,36.43267027660282,18,not infected,2018,Non,37.90486508959319
Antsiranana,26,8,8,Male,33.31407355892092,87,infected,2018,Non,37.90486508959319
Toamasina,29,4,9,Male,30.463307701426842,63,infected,2018,Non,37.90486508959319
Antsiranana,30,5,9,Male,40.206425543832,18,not infected,2018,Non,37.90486508959319
Antsiranana,32,8,10,Male,38.07021562622855,20,infected,2018,Non,37.90486508959319
Antsiranana,33,8,10,Male,48.18839984000742,22,infected,2018,Non,37.90486508959319
Antsiranana,34,5,11,Male,35.8824036242309,29,infected,2018,Non,37.90486508959319
Toliara,35,1,11,Male,25.17045294230843,86,infected,2018,Non,37.90486508959319
Toamasina,36,10,11,Male,32.52455141997774,31,infected,2018,Non,37.90486508959319
Antsiranana,37,8,12,Male,25.120146151196227,71,infected,2018,Non,37.90486508959319
Toamasina,38,9,12,Male,38.09791638349157,28,infected,2018,Non,37.90486508959319
Toliara,40,1,13,Male,49.27473627387239,20,infected,2018,Non,37.90486508959319
Antsiranana,41,2,13,Male,27.69728483661009,80,infected,2018,Non,37.90486508959319
Antsiranana,43,2,14,Male,42.582624012895536,40,infected,2018,Non,37.90486508959319
Toamasina,44,4,14,Male,22.57643244401439,54,infected,2018,Non,37.90486508959319
Antsiranana,48,8,15,Male,45.984697095856795,44,infected,2018,Non,37.90486508959319
Toliara,49,1,16,Male,45.00357169455347,21,infected,2018,Non,37.90486508959319
Toamasina,51,6,16,Male,42.00714505905861,21,not infected,2018,Non,37.90486508959319
Antsiranana,54,5,17,Male,40.351443776683944,40,infected,2018,Non,37.90486508959319
Toamasina,56,6,18,Male,46.78312635405201,20,infected,2018,Non,37.90486508959319
Antsiranana,58,5,19,Male,41.685797390191574,28,infected,2018,Non,37.90486508959319
Toliara,60,7,19,Male,52.3759466304573,18,infected,2018,Non,37.90486508959319
Toamasina,62,4,20,Male,49.24317497002638,18,infected,2018,Non,37.90486508959319
Toliara,63,3,20,Male,52.144194250658494,22,infected,2018,Non,37.90486508959319
Toliara,65,1,21,Male,38.86980862049802,62,infected,2018,Non,37.90486508959319
Toliara,68,7,22,Male,54.050235741676836,18,infected,2018,Non,37.90486508959319
Toliara,70,3,23,Male,58.64911411293663,18,not infected,2018,Non,37.90486508959319
Toamasina,73,4,24,Male,46.10160766902906,23,infected,2018,Non,37.90486508959319
Toamasina,77,10,25,Male,36.284767998747355,74,infected,2018,Non,37.90486508959319
Toliara,78,1,25,Male,29.880052052987782,92,infected,2018,Non,37.90486508959319
Antsiranana,79,2,26,Male,44.9069952482857,42,infected,2018,Non,37.90486508959319
Toliara,80,1,26,Male,61.50262732092881,65,infected,2018,Non,37.90486508959319
Toliara,83,1,27,Male,38.006003307030184,50,infected,2018,Non,37.90486508959319
Toamasina,84,9,27,Male,54.36154730669215,30,infected,2018,Non,37.90486508959319
Antsiranana,85,8,28,Male,47.03395037797164,23,infected,2018,Non,37.90486508959319
Toliara,89,7,29,Male,56.77863332024526,32,infected,2018,Non,37.90486508959319
Toamasina,90,6,29,Male,56.63588975231791,18,not infected,2018,Non,37.90486508959319
Antsiranana,91,5,30,Male,58.382799837677624,33,infected,2018,Non,37.90486508959319
Toamasina,95,4,31,Male,55.577362326133404,51,infected,2018,Non,37.90486508959319
Toliara,97,3,32,Male,56.669420458803266,51,infected,2018,Non,37.90486508959319
Antsiranana,98,2,32,Male,68.153586942988,51,infected,2018,Non,37.90486508959319
Toliara,99,1,32,Male,65.6605755050573,19,infected,2018,Non,37.90486508959319
Toliara,2,1,1,Female,25.41672908,23,infected,2019,Non,22.41989988726652
Antsiranana,5,2,2,Female,20.66360736,31,infected,2019,Non,22.41989988726652
Antsiranana,8,5,3,Female,20.78359303,13,infected,2019,Non,22.41989988726652
Antsiranana,9,5,3,Female,23.82914251,14,infected,2019,Non,22.41989988726652
Antsiranana,10,8,4,Female,25.01565633,5,infected,2019,Non,22.41989988726652
Antsiranana,11,8,4,Female,27.47566899,2,not infected,2019,Non,22.41989988726652
Toamasina,13,9,5,Female,17.17455691,17,infected,2019,Non,22.41989988726652
Toamasina,14,9,5,Female,34.50080027,4,infected,2019,Non,22.41989988726652
Toliara,15,7,5,Female,12.32633069,68,infected,2019,Non,22.41989988726652
Toliara,16,7,6,Female,15.90914717,65,infected,2019,Non,22.41989988726652
Toamasina,20,10,7,Female,25.92772292,7,infected,2019,Non,22.41989988726652
Toamasina,22,6,8,Female,25.89046835,6,infected,2019,Non,22.41989988726652
Toamasina,23,10,8,Female,26.98736909,2,not infected,2019,Non,22.41989988726652
Toliara,24,7,8,Female,21.93173659,15,infected,2019,Non,22.41989988726652
Toamasina,25,9,9,Female,14.67693228,46,infected,2019,Non,22.41989988726652
Toamasina,27,4,9,Female,33.70603038,2,not infected,2019,Non,22.41989988726652
Antsiranana,28,2,10,Female,35.06589082,24,infected,2019,Non,22.41989988726652
Antsiranana,31,5,11,Female,24.75866384,42,infected,2019,Non,22.41989988726652
Toliara,39,1,13,Female,31.87524294,10,infected,2019,Non,22.41989988726652
Toliara,42,3,14,Female,26.82694069,8,infected,2019,Non,22.41989988726652
Antsiranana,45,2,15,Female,30.18433111,2,not infected,2019,Non,22.41989988726652
Antsiranana,46,8,16,Female,40.66695644,7,infected,2019,Non,22.41989988726652
Toamasina,47,9,16,Female,41.43939379,2,not infected,2019,Non,22.41989988726652
Toamasina,50,6,17,Female,42.84736638,4,infected,2019,Non,22.41989988726652
Antsiranana,52,2,18,Female,39.91062547,3,infected,2019,Non,22.41989988726652
Antsiranana,53,2,18,Female,42.50144475,19,infected,2019,Non,22.41989988726652
Antsiranana,55,5,19,Female,37.06529338,13,infected,2019,Non,22.41989988726652
Toamasina,57,6,19,Female,26.98543755,57,infected,2019,Non,22.41989988726652
Toamasina,59,4,20,Female,23.52391634,53,infected,2019,Non,22.41989988726652
Toamasina,61,4,21,Female,29.95676872,28,infected,2019,Non,22.41989988726652
Antsiranana,64,5,22,Female,36.09767755,4,infected,2019,Non,22.41989988726652
Toliara,66,3,22,Female,32.67398008,10,infected,2019,Non,22.41989988726652
Toliara,67,3,23,Female,39.06730463,44,infected,2019,Non,22.41989988726652
Toliara,69,7,23,Female,35.20936347,27,infected,2019,Non,22.41989988726652
Toamasina,71,10,24,Female,20.55830384,74,infected,2019,Non,22.41989988726652
Toamasina,72,4,24,Female,36.41110115,12,infected,2019,Non,22.41989988726652
Toamasina,74,9,25,Female,10.85311122,78,infected,2019,Non,22.41989988726652
Toamasina,75,6,25,Female,47.74463992,2,not infected,2019,Non,22.41989988726652
Toamasina,76,6,26,Female,45.03119026,25,infected,2019,Non,22.41989988726652
Toliara,81,7,27,Female,49.83930324,7,infected,2019,Non,22.41989988726652
Toliara,82,7,28,Female,41.19777525,6,infected,2019,Non,22.41989988726652
Antsiranana,86,8,29,Female,47.1613988,19,infected,2019,Non,22.41989988726652
Toliara,87,7,29,Female,53.37118621,6,infected,2019,Non,22.41989988726652
Toamasina,88,6,30,Female,59.67408525,5,infected,2019,Non,22.41989988726652
Antsiranana,92,5,31,Female,53.80721028,2,not infected,2019,Non,22.41989988726652
Toamasina,93,4,31,Female,43.23144992,36,infected,2019,Non,22.41989988726652
Toliara,94,3,32,Female,50.99782164,26,infected,2019,Non,22.41989988726652
Antsiranana,96,2,32,Female,51.40823386,3,infected,2019,Non,22.41989988726652
Toliara,100,1,34,Female,43.78393532,32,infected,2019,Non,22.41989988726652
Toliara,1,1,1,Male,30.30965778,25,infected,2019,Non,33.19007628937199
Antsiranana,3,2,1,Male,28.86800358,49,infected,2019,Non,33.19007628937199
Antsiranana,4,2,2,Male,38.07170238,35,infected,2019,Non,33.19007628937199
Toliara,6,3,2,Male,26.27083414,55,infected,2019,Non,33.19007628937199
Toliara,7,3,3,Male,32.79553373,47,infected,2019,Non,33.19007628937199
Toamasina,12,9,4,Male,43.49090345,16,infected,2019,Non,33.19007628937199
Toliara,17,1,6,Male,28.80375949,68,infected,2019,Non,33.19007628937199
Toamasina,18,9,6,Male,43.81503232,30,infected,2019,Non,33.19007628937199
Toliara,19,1,7,Male,40.07392938,35,infected,2019,Non,33.19007628937199
Toamasina,21,9,7,Male,40.17953799,10,not infected,2019,Non,33.19007628937199
Antsiranana,26,8,9,Male,33.95799054,80,infected,2019,Non,33.19007628937199
Toamasina,29,4,10,Male,33.06372445,55,infected,2019,Non,33.19007628937199
Antsiranana,30,5,10,Male,44.03524416,10,not infected,2019,Non,33.19007628937199
Antsiranana,32,8,11,Male,41.83526028,11,infected,2019,Non,33.19007628937199
Antsiranana,33,8,11,Male,49.65206022,14,infected,2019,Non,33.19007628937199
Antsiranana,34,5,12,Male,38.59965139,22,infected,2019,Non,33.19007628937199
Toliara,35,1,12,Male,29.25304991,75,infected,2019,Non,33.19007628937199
Toamasina,36,10,12,Male,36.01146633,22,infected,2019,Non,33.19007628937199
Antsiranana,37,8,13,Male,30.92104154,63,infected,2019,Non,33.19007628937199
Toamasina,38,9,13,Male,40.91517384,22,infected,2019,Non,33.19007628937199
Toliara,40,1,14,Male,53.32512526,13,infected,2019,Non,33.19007628937199
Antsiranana,41,2,14,Male,31.21895434,70,infected,2019,Non,33.19007628937199
Antsiranana,43,2,15,Male,47.07967011,33,infected,2019,Non,33.19007628937199
Toamasina,44,4,15,Male,25.19726148,46,infected,2019,Non,33.19007628937199
Antsiranana,48,8,16,Male,47.35933567,35,infected,2019,Non,33.19007628937199
Toliara,49,1,17,Male,48.30252329,11,infected,2019,Non,33.19007628937199
Toamasina,51,6,17,Male,43.05092101,10,not infected,2019,Non,33.19007628937199
Antsiranana,54,5,18,Male,42.71600495,30,infected,2019,Non,33.19007628937199
Toamasina,56,6,19,Male,49.0791341,11,infected,2019,Non,33.19007628937199
Antsiranana,58,5,20,Male,42.50821442,19,infected,2019,Non,33.19007628937199
Toliara,60,7,20,Male,55.57781331,11,infected,2019,Non,33.19007628937199
Toamasina,62,4,21,Male,51.65025235,11,infected,2019,Non,33.19007628937199
Toliara,63,3,21,Male,54.35806258,12,infected,2019,Non,33.19007628937199
Toliara,65,1,22,Male,41.71360583,55,infected,2019,Non,33.19007628937199
Toliara,68,7,23,Male,55.99636314,13,infected,2019,Non,33.19007628937199
Toliara,70,3,24,Male,60.53918547,10,not infected,2019,Non,33.19007628937199
Toamasina,73,4,25,Male,48.48656599,17,infected,2019,Non,33.19007628937199
Toamasina,77,10,26,Male,40.00618026,67,infected,2019,Non,33.19007628937199
Toliara,78,1,26,Male,31.72271838,79,infected,2019,Non,33.19007628937199
Antsiranana,79,2,27,Male,48.17381779,35,infected,2019,Non,33.19007628937199
Toliara,80,1,27,Male,65.29825035,55,infected,2019,Non,33.19007628937199
Toliara,83,1,28,Male,40.50138605,43,infected,2019,Non,33.19007628937199
Toamasina,84,9,28,Male,57.56510642,24,infected,2019,Non,33.19007628937199
Antsiranana,85,8,29,Male,48.05970975,12,infected,2019,Non,33.19007628937199
Toliara,89,7,30,Male,59.56066391,24,infected,2019,Non,33.19007628937199
Toamasina,90,6,30,Male,60.66907614,10,not infected,2019,Non,33.19007628937199
Antsiranana,91,5,31,Male,59.49903215,27,infected,2019,Non,33.19007628937199
Toamasina,95,4,32,Male,58.06490106,42,infected,2019,Non,33.19007628937199
Toliara,97,3,33,Male,58.78417531,46,infected,2019,Non,33.19007628937199
Antsiranana,98,2,33,Male,70.64315813,43,infected,2019,Non,33.19007628937199
Toliara,99,1,33,Male,69.37642259,11,infected,2019,Non,33.19007628937199
Toliara,2,1,2,Female,25.41672908,25,infected,2021,Non,17.189381873083043
Antsiranana,5,2,3,Female,20.66360736,25,infected,2021,Non,17.189381873083043
Antsiranana,8,5,4,Female,20.78359303,9,infected,2021,Non,17.189381873083043
Antsiranana,9,5,4,Female,23.82914251,15,infected,2021,Non,17.189381873083043
Antsiranana,10,8,5,Female,25.01565633,10,infected,2021,Non,17.189381873083043
Antsiranana,11,8,5,Female,27.47566899,0,not infected,2021,Non,17.189381873083043
Toamasina,13,9,6,Female,17.17455691,15,infected,2021,Non,17.189381873083043
Toamasina,14,9,6,Female,34.50080027,5,infected,2021,Non,17.189381873083043
Toliara,15,7,6,Female,12.32633069,50,infected,2021,Non,17.189381873083043
Toliara,16,7,7,Female,15.90914717,62,infected,2021,Non,17.189381873083043
Toamasina,20,10,8,Female,25.92772292,5,infected,2021,Non,17.189381873083043
Toamasina,22,6,9,Female,25.89046835,2,infected,2021,Non,17.189381873083043
Toamasina,23,10,9,Female,26.98736909,0,not infected,2021,Non,17.189381873083043
Toliara,24,7,9,Female,21.93173659,20,infected,2021,Non,17.189381873083043
Toamasina,25,9,10,Female,14.67693228,35,infected,2021,Non,17.189381873083043
Toamasina,27,4,10,Female,33.70603038,0,not infected,2021,Non,17.189381873083043
Antsiranana,28,2,11,Female,35.06589082,27,infected,2021,Non,17.189381873083043
Antsiranana,31,5,12,Female,24.75866384,40,infected,2021,Non,17.189381873083043
Toliara,39,1,14,Female,31.87524294,28,infected,2021,Non,17.189381873083043
Toliara,42,3,15,Female,26.82694069,6,infected,2021,Non,17.189381873083043
Antsiranana,45,2,16,Female,30.18433111,0,not infected,2021,Non,17.189381873083043
Antsiranana,46,8,17,Female,40.66695644,0,not infected,2021,Non,17.189381873083043
Toamasina,47,9,17,Female,41.43939379,0,not infected,2021,Non,17.189381873083043
Toamasina,50,6,18,Female,42.84736638,15,infected,2021,Non,17.189381873083043
Antsiranana,52,2,19,Female,39.91062547,10,infected,2021,Non,17.189381873083043
Antsiranana,53,2,19,Female,42.50144475,20,infected,2021,Non,17.189381873083043
Antsiranana,55,5,20,Female,37.06529338,5,infected,2021,Non,17.189381873083043
Toamasina,57,6,20,Female,26.98543755,50,infected,2021,Non,17.189381873083043
Toamasina,59,4,21,Female,23.52391634,45,infected,2021,Non,17.189381873083043
Toamasina,61,4,22,Female,29.95676872,26,infected,2021,Non,17.189381873083043
Antsiranana,64,5,23,Female,36.09767755,10,infected,2021,Non,17.189381873083043
Toliara,66,3,23,Female,32.67398008,8,infected,2021,Non,17.189381873083043
Toliara,67,3,24,Female,39.06730463,42,infected,2021,Non,17.189381873083043
Toliara,69,7,24,Female,35.20936347,27,infected,2021,Non,17.189381873083043
Toamasina,71,10,25,Female,20.55830384,60,infected,2021,Non,17.189381873083043
Toamasina,72,4,25,Female,36.41110115,11,infected,2021,Non,17.189381873083043
Toamasina,74,9,26,Female,10.85311122,60,infected,2021,Non,17.189381873083043
Toamasina,75,6,26,Female,47.74463992,0,not infected,2021,Non,17.189381873083043
Toamasina,76,6,27,Female,45.03119026,20,infected,2021,Non,17.189381873083043
Toliara,81,7,28,Female,49.83930324,3,infected,2021,Non,17.189381873083043
Toliara,82,7,29,Female,41.19777525,4,infected,2021,Non,17.189381873083043
Antsiranana,86,8,30,Female,47.1613988,15,infected,2021,Non,17.189381873083043
Toliara,87,7,30,Female,53.37118621,15,infected,2021,Non,17.189381873083043
Toamasina,88,6,31,Female,59.67408525,20,infected,2021,Non,17.189381873083043
Antsiranana,92,5,32,Female,53.80721028,0,not infected,2021,Non,17.189381873083043
Toamasina,93,4,32,Female,43.23144992,66,infected,2021,Non,17.189381873083043
Toliara,94,3,33,Female,50.99782164,13,infected,2021,Non,17.189381873083043
Antsiranana,96,2,33,Female,51.40823386,3,infected,2021,Non,17.189381873083043
Toliara,100,1,35,Female,43.78393532,32,infected,2021,Non,17.189381873083043
Toliara,1,1,2,Male,30.30965778,10,not infected,2021,Non,25.446897559912905
Antsiranana,3,2,2,Male,28.86800358,43,infected,2021,Non,25.446897559912905
Antsiranana,4,2,3,Male,38.07170238,23,infected,2021,Non,25.446897559912905
Toliara,6,3,3,Male,26.27083414,15,infected,2021,Non,25.446897559912905
Toliara,7,3,4,Male,32.79553373,51,infected,2021,Non,25.446897559912905
Toamasina,12,9,5,Male,43.49090345,10,not infected,2021,Non,25.446897559912905
Toliara,17,1,7,Male,28.80375949,65,infected,2021,Non,25.446897559912905
Toamasina,18,9,7,Male,43.81503232,13,infected,2021,Non,25.446897559912905
Toliara,19,1,8,Male,40.07392938,10,not infected,2021,Non,25.446897559912905
Toamasina,21,9,8,Male,40.17953799,10,not infected,2021,Non,25.446897559912905
Antsiranana,26,8,10,Male,33.95799054,36,infected,2021,Non,25.446897559912905
Toamasina,29,4,11,Male,33.06372445,73,infected,2021,Non,25.446897559912905
Antsiranana,30,5,11,Male,44.03524416,10,not infected,2021,Non,25.446897559912905
Antsiranana,32,8,12,Male,41.83526028,10,not infected,2021,Non,25.446897559912905
Antsiranana,33,8,12,Male,49.65206022,10,not infected,2021,Non,25.446897559912905
Antsiranana,34,5,13,Male,38.59965139,10,not infected,2021,Non,25.446897559912905
Toliara,35,1,13,Male,29.25304991,61,infected,2021,Non,25.446897559912905
Toamasina,36,10,13,Male,36.01146633,25,infected,2021,Non,25.446897559912905
Antsiranana,37,8,14,Male,30.92104154,55,infected,2021,Non,25.446897559912905
Toamasina,38,9,14,Male,40.91517384,18,infected,2021,Non,25.446897559912905
Toliara,40,1,15,Male,53.32512526,10,not infected,2021,Non,25.446897559912905
Antsiranana,41,2,15,Male,31.21895434,65,infected,2021,Non,25.446897559912905
Antsiranana,43,2,16,Male,47.07967011,23,infected,2021,Non,25.446897559912905
Toamasina,44,4,16,Male,25.19726148,51,infected,2021,Non,25.446897559912905
Antsiranana,48,8,17,Male,47.35933567,10,not infected,2021,Non,25.446897559912905
Toliara,49,1,18,Male,48.30252329,10,infected,2021,Non,25.446897559912905
Toamasina,51,6,18,Male,43.05092101,10,not infected,2021,Non,25.446897559912905
Antsiranana,54,5,19,Male,42.71600495,53,infected,2021,Non,25.446897559912905
Toamasina,56,6,20,Male,49.0791341,10,not infected,2021,Non,25.446897559912905
Antsiranana,58,5,21,Male,42.50821442,27,infected,2021,Non,25.446897559912905
Toliara,60,7,21,Male,55.57781331,10,infected,2021,Non,25.446897559912905
Toamasina,62,4,22,Male,51.65025235,10,not infected,2021,Non,25.446897559912905
Toliara,63,3,22,Male,54.35806258,10,not infected,2021,Non,25.446897559912905
Toliara,65,1,23,Male,41.71360583,38,infected,2021,Non,25.446897559912905
Toliara,68,7,24,Male,55.99636314,10,not infected,2021,Non,25.446897559912905
Toliara,70,3,25,Male,60.53918547,13,infected,2021,Non,25.446897559912905
Toamasina,73,4,26,Male,48.48656599,11,infected,2021,Non,25.446897559912905
Toamasina,77,10,27,Male,40.00618026,63,infected,2021,Non,25.446897559912905
Toliara,78,1,27,Male,31.72271838,53,infected,2021,Non,25.446897559912905
Antsiranana,79,2,28,Male,48.17381779,29,infected,2021,Non,25.446897559912905
Toliara,80,1,28,Male,65.29825035,17,infected,2021,Non,25.446897559912905
Toliara,83,1,29,Male,40.50138605,43,infected,2021,Non,25.446897559912905
Toamasina,84,9,29,Male,57.56510642,24,infected,2021,Non,25.446897559912905
Antsiranana,85,8,30,Male,48.05970975,10,not infected,2021,Non,25.446897559912905
Toliara,89,7,31,Male,59.56066391,15,infected,2021,Non,25.446897559912905
Toamasina,90,6,31,Male,60.66907614,10,not infected,2021,Non,25.446897559912905
Antsiranana,91,5,32,Male,59.49903215,17,infected,2021,Non,25.446897559912905
Toamasina,95,4,33,Male,58.06490106,38,infected,2021,Non,25.446897559912905
Toliara,97,3,34,Male,58.78417531,25,infected,2021,Non,25.446897559912905
Antsiranana,98,2,34,Male,70.64315813,10,not infected,2021,Non,25.446897559912905
Toliara,99,1,34,Male,69.37642259,10,not infected,2021,Non,25.446897559912905
Toliara,2,1,3,Female,25.41672908,5,infected,2022,Oui,15.051284165931778
Antsiranana,5,2,4,Female,20.66360736,25,infected,2022,Oui,15.051284165931778
Antsiranana,8,5,5,Female,20.78359303,0,not infected,2022,Oui,15.051284165931778
Antsiranana,9,5,5,Female,23.82914251,2,infected,2022,Oui,15.051284165931778
Antsiranana,10,8,6,Female,25.01565633,3,infected,2022,Oui,15.051284165931778
Antsiranana,11,8,6,Female,27.47566899,0,not infected,2022,Oui,15.051284165931778
Toamasina,13,9,7,Female,17.17455691,15,infected,2022,Oui,15.051284165931778
Toamasina,14,9,7,Female,34.50080027,0,not infected,2022,Oui,15.051284165931778
Toliara,15,7,7,Female,12.32633069,15,infected,2022,Oui,15.051284165931778
Toliara,16,7,8,Female,15.90914717,30,infected,2022,Oui,15.051284165931778
Toamasina,20,10,9,Female,25.92772292,0,not infected,2022,Oui,15.051284165931778
Toamasina,22,6,10,Female,25.89046835,2,infected,2022,Oui,15.051284165931778
Toamasina,23,10,10,Female,26.98736909,0,not infected,2022,Oui,15.051284165931778
Toliara,24,7,10,Female,21.93173659,5,infected,2022,Oui,15.051284165931778
Toamasina,25,9,11,Female,14.67693228,20,infected,2022,Oui,15.051284165931778
Toamasina,27,4,11,Female,33.70603038,0,not infected,2022,Oui,15.051284165931778
Antsiranana,28,2,12,Female,35.06589082,27,infected,2022,Oui,15.051284165931778
Antsiranana,31,5,13,Female,24.75866384,40,infected,2022,Oui,15.051284165931778
Toliara,39,1,15,Female,31.87524294,28,infected,2022,Oui,15.051284165931778
Toliara,42,3,16,Female,26.82694069,0,not infected,2022,Oui,15.051284165931778
Antsiranana,45,2,17,Female,30.18433111,3,infected,2022,Oui,15.051284165931778
Antsiranana,46,8,18,Female,40.66695644,0,not infected,2022,Oui,15.051284165931778
Toamasina,47,9,18,Female,41.43939379,0,not infected,2022,Oui,15.051284165931778
Toamasina,50,6,19,Female,42.84736638,15,infected,2022,Oui,15.051284165931778
Antsiranana,52,2,20,Female,39.91062547,10,infected,2022,Non,15.051284165931778
Antsiranana,53,2,20,Female,42.50144475,20,infected,2022,Non,15.051284165931778
Antsiranana,55,5,21,Female,37.06529338,5,infected,2022,Non,15.051284165931778
Toamasina,57,6,21,Female,26.98543755,50,infected,2022,Non,15.051284165931778
Toamasina,59,4,22,Female,23.52391634,45,infected,2022,Non,15.051284165931778
Toamasina,61,4,23,Female,29.95676872,26,infected,2022,Non,15.051284165931778
Antsiranana,64,5,24,Female,36.09767755,10,infected,2022,Non,15.051284165931778
Toliara,66,3,24,Female,32.67398008,8,infected,2022,Non,15.051284165931778
Toliara,67,3,25,Female,39.06730463,42,infected,2022,Non,15.051284165931778
Toliara,69,7,25,Female,35.20936347,27,infected,2022,Non,15.051284165931778
Toamasina,71,10,26,Female,20.55830384,60,infected,2022,Non,15.051284165931778
Toamasina,72,4,26,Female,36.41110115,11,infected,2022,Non,15.051284165931778
Toamasina,74,9,27,Female,10.85311122,60,infected,2022,Non,15.051284165931778
Toamasina,75,6,27,Female,47.74463992,0,not infected,2022,Non,15.051284165931778
Toamasina,76,6,28,Female,45.03119026,20,infected,2022,Non,15.051284165931778
Toliara,81,7,29,Female,49.83930324,3,infected,2022,Non,15.051284165931778
Toliara,82,7,30,Female,41.19777525,4,infected,2022,Non,15.051284165931778
Antsiranana,86,8,31,Female,47.1613988,15,infected,2022,Non,15.051284165931778
Toliara,87,7,31,Female,53.37118621,15,infected,2022,Non,15.051284165931778
Toamasina,88,6,32,Female,59.67408525,20,infected,2022,Non,15.051284165931778
Antsiranana,92,5,33,Female,53.80721028,0,not infected,2022,Non,15.051284165931778
Toamasina,93,4,33,Female,43.23144992,66,infected,2022,Non,15.051284165931778
Toliara,94,3,34,Female,50.99782164,13,infected,2022,Non,15.051284165931778
Antsiranana,96,2,34,Female,51.40823386,3,infected,2022,Non,15.051284165931778
Toliara,100,1,36,Female,43.78393532,32,infected,2022,Non,15.051284165931778
Toliara,1,1,3,Male,30.30965778,10,not infected,2022,Oui,22.281690472847103
Antsiranana,3,2,3,Male,28.86800358,20,infected,2022,Oui,22.281690472847103
Antsiranana,4,2,4,Male,38.07170238,12,infected,2022,Oui,22.281690472847103
Toliara,6,3,4,Male,26.27083414,17,infected,2022,Oui,22.281690472847103
Toliara,7,3,5,Male,32.79553373,20,infected,2022,Oui,22.281690472847103
Toamasina,12,9,6,Male,43.49090345,10,not infected,2022,Oui,22.281690472847103
Toliara,17,1,8,Male,28.80375949,55,infected,2022,Oui,22.281690472847103
Toamasina,18,9,8,Male,43.81503232,10,not infected,2022,Oui,22.281690472847103
Toliara,19,1,9,Male,40.07392938,10,not infected,2022,Oui,22.281690472847103
Toamasina,21,9,9,Male,40.17953799,10,not infected,2022,Oui,22.281690472847103
Antsiranana,26,8,11,Male,33.95799054,17,infected,2022,Oui,22.281690472847103
Toamasina,29,4,12,Male,33.06372445,50,infected,2022,Oui,22.281690472847103
Antsiranana,30,5,12,Male,44.03524416,10,not infected,2022,Oui,22.281690472847103
Antsiranana,32,8,13,Male,41.83526028,10,not infected,2022,Oui,22.281690472847103
Antsiranana,33,8,13,Male,49.65206022,10,not infected,2022,Oui,22.281690472847103
Antsiranana,34,5,14,Male,38.59965139,13,infected,2022,Oui,22.281690472847103
Toliara,35,1,14,Male,29.25304991,20,infected,2022,Oui,22.281690472847103
Toamasina,36,10,14,Male,36.01146633,10,not infected,2022,Oui,22.281690472847103
Antsiranana,37,8,15,Male,30.92104154,20,infected,2022,Oui,22.281690472847103
Toamasina,38,9,15,Male,40.91517384,20,infected,2022,Oui,22.281690472847103
Toliara,40,1,16,Male,53.32512526,10,not infected,2022,Oui,22.281690472847103
Antsiranana,41,2,16,Male,31.21895434,40,infected,2022,Oui,22.281690472847103
Antsiranana,43,2,17,Male,47.07967011,13,infected,2022,Oui,22.281690472847103
Toamasina,44,4,17,Male,25.19726148,12,infected,2022,Oui,22.281690472847103
Antsiranana,48,8,18,Male,47.35933567,10,not infected,2022,Oui,22.281690472847103
Toliara,49,1,19,Male,48.30252329,10,not infected,2022,Oui,22.281690472847103
Toamasina,51,6,19,Male,43.05092101,10,not infected,2022,Non,22.281690472847103
Antsiranana,54,5,20,Male,42.71600495,55,infected,2022,Non,22.281690472847103
Toamasina,56,6,21,Male,49.0791341,10,not infected,2022,Non,22.281690472847103
Antsiranana,58,5,22,Male,42.50821442,20,infected,2022,Non,22.281690472847103
Toliara,60,7,22,Male,55.57781331,11,infected,2022,Non,22.281690472847103
Toamasina,62,4,23,Male,51.65025235,10,not infected,2022,Non,22.281690472847103
Toliara,63,3,23,Male,54.35806258,10,not infected,2022,Non,22.281690472847103
Toliara,65,1,24,Male,41.71360583,40,infected,2022,Non,22.281690472847103
Toliara,68,7,25,Male,55.99636314,10,not infected,2022,Non,22.281690472847103
Toliara,70,3,26,Male,60.53918547,15,infected,2022,Non,22.281690472847103
Toamasina,73,4,27,Male,48.48656599,13,infected,2022,Non,22.281690472847103
Toamasina,77,10,28,Male,40.00618026,65,infected,2022,Non,22.281690472847103
Toliara,78,1,28,Male,31.72271838,55,infected,2022,Non,22.281690472847103
Antsiranana,79,2,29,Male,48.17381779,31,infected,2022,Non,22.281690472847103
Toliara,80,1,29,Male,65.29825035,16,infected,2022,Non,22.281690472847103
Toliara,83,1,30,Male,40.50138605,45,infected,2022,Non,22.281690472847103
Toamasina,84,9,30,Male,57.56510642,26,infected,2022,Non,22.281690472847103
Antsiranana,85,8,31,Male,48.05970975,10,not infected,2022,Non,22.281690472847103
Toliara,89,7,32,Male,59.56066391,12,infected,2022,Non,22.281690472847103
Toamasina,90,6,32,Male,60.66907614,10,not infected,2022,Non,22.281690472847103
Antsiranana,91,5,33,Male,59.49903215,15,infected,2022,Non,22.281690472847103
Toamasina,95,4,34,Male,58.06490106,40,infected,2022,Non,22.281690472847103
Toliara,97,3,35,Male,58.78417531,20,infected,2022,Non,22.281690472847103
Antsiranana,98,2,35,Male,70.64315813,10,not infected,2022,Non,22.281690472847103
Toliara,99,1,35,Male,69.37642259,10,not infected,2022,Non,22.281690472847103
